user_id,listing_id,event_weight,interaction_type,archetype,timestamp,item_coldness
U0082,22,0.2,click,A02,2026-02-01 10:05:20,warm
U0017,75,0.2,click,A13,2026-02-01 10:46:06,warm
U0017,85,0.2,click,A13,2026-02-01 10:47:50,warm
U0080,60,0.2,click,A07,2026-02-01 11:43:20,warm
U0080,74,0.2,click,A07,2026-02-01 11:44:23,warm
U0127,53,0.2,click,A10,2026-02-01 13:14:09,warm
U0168,27,0.2,click,A11,2026-02-01 13:53:21,warm
U0019,106,0.2,click,A05,2026-02-01 15:03:08,warm
U0019,107,0.5,save,A05,2026-02-01 15:04:28,warm
U0019,26,0.2,click,A05,2026-02-01 15:07:13,warm
U0114,45,0.2,click,A12,2026-02-01 16:31:04,warm
U0100,81,0.5,save,A06,2026-02-01 16:35:20,warm
U0180,85,0.2,click,A01,2026-02-01 16:48:54,warm
U0264,62,0.2,click,A02,2026-02-01 17:09:01,warm
U0196,103,0.2,click,A09,2026-02-01 17:39:05,warm
U0182,69,0.2,click,A07,2026-02-01 18:39:18,warm
U0016,81,0.2,click,A06,2026-02-01 18:49:41,warm
U0016,24,0.2,click,A06,2026-02-01 18:53:02,warm
U0269,71,0.2,click,A04,2026-02-01 21:53:48,warm
U0109,22,0.2,click,A09,2026-02-01 22:22:06,warm
U0268,55,0.2,click,A08,2026-02-02 09:11:13,warm
U0245,109,0.2,click,A08,2026-02-02 09:47:36,warm
U0245,95,0.2,click,A08,2026-02-02 09:47:43,warm
U0245,90,0.2,click,A08,2026-02-02 09:50:05,warm
U0245,56,0.2,click,A08,2026-02-02 09:51:38,warm
U0201,30,0.2,click,A06,2026-02-02 09:57:52,warm
U0201,32,0.2,click,A06,2026-02-02 09:59:33,warm
U0201,31,0.2,click,A06,2026-02-02 09:59:37,warm
U0201,27,0.2,click,A06,2026-02-02 13:01:13,warm
U0290,83,0.2,click,A09,2026-02-02 13:25:51,warm
U0125,87,0.2,click,A05,2026-02-02 13:29:48,warm
U0125,89,0.2,click,A05,2026-02-02 13:30:11,warm
U0073,41,0.2,click,A12,2026-02-02 14:39:34,warm
U0073,37,0.2,click,A12,2026-02-02 14:41:17,warm
U0073,30,0.2,click,A12,2026-02-02 14:43:30,warm
U0120,33,0.2,click,A06,2026-02-02 15:30:36,warm
U0120,39,0.2,click,A06,2026-02-02 15:31:01,warm
U0030,38,0.2,click,A11,2026-02-02 15:31:21,warm
U0030,26,0.2,click,A11,2026-02-02 15:32:47,warm
U0281,108,0.2,click,A07,2026-02-02 15:39:38,warm
U0286,109,0.2,click,A08,2026-02-02 16:09:24,warm
U0272,44,0.5,save,A05,2026-02-02 17:39:04,warm
U0272,106,0.2,click,A05,2026-02-02 17:39:37,warm
U0165,24,0.2,click,A06,2026-02-02 18:02:52,warm
U0165,32,0.5,save,A06,2026-02-02 18:03:21,warm
U0165,37,0.2,click,A06,2026-02-02 18:03:34,warm
U0153,50,0.2,click,A10,2026-02-02 19:16:32,warm
U0031,61,0.2,click,A07,2026-02-02 21:07:09,warm
U0031,62,0.2,click,A07,2026-02-02 21:08:04,warm
U0088,77,0.2,click,A01,2026-02-02 21:52:31,warm
U0088,72,0.2,click,A01,2026-02-02 21:53:13,warm
U0088,105,0.2,click,A01,2026-02-02 21:54:28,warm
U0088,25,0.2,click,A01,2026-02-02 21:55:49,warm
U0088,81,0.2,click,A01,2026-02-02 21:56:04,warm
U0075,35,0.2,click,A10,2026-02-02 22:18:11,warm
U0075,107,0.2,click,A10,2026-02-02 22:19:22,warm
U0075,94,0.2,click,A10,2026-02-02 22:19:30,warm
U0075,54,0.2,click,A10,2026-02-02 22:21:42,warm
U0160,37,0.2,click,A03,2026-02-02 22:46:26,warm
U0160,88,0.2,click,A03,2026-02-02 22:46:33,warm
U0160,45,0.2,click,A03,2026-02-02 22:46:52,warm
U0051,51,0.2,click,A10,2026-02-03 09:16:17,warm
U0051,95,0.2,click,A10,2026-02-03 09:17:13,warm
U0080,93,0.2,click,A07,2026-02-03 11:21:53,warm
U0080,59,0.2,click,A07,2026-02-03 11:22:33,warm
U0076,22,0.2,click,A05,2026-02-03 12:28:29,warm
U0076,45,0.2,click,A05,2026-02-03 12:31:21,warm
U0182,99,0.2,click,A07,2026-02-03 13:27:49,warm
U0182,73,0.2,click,A07,2026-02-03 13:28:45,warm
U0182,74,0.2,click,A07,2026-02-03 13:29:02,warm
U0063,49,0.2,click,A10,2026-02-03 13:34:16,warm
U0063,86,0.2,click,A10,2026-02-03 13:35:35,warm
U0108,104,0.2,click,A06,2026-02-03 13:57:03,warm
U0091,105,0.2,click,A08,2026-02-03 14:15:24,warm
U0091,54,0.2,click,A08,2026-02-03 14:20:11,warm
U0039,37,0.2,click,A10,2026-02-03 14:41:32,warm
U0180,98,0.5,save,A01,2026-02-03 15:36:37,warm
U0246,24,0.2,click,A10,2026-02-03 15:47:15,warm
U0246,63,0.2,click,A10,2026-02-03 15:51:48,warm
U0257,41,0.2,click,A02,2026-02-03 16:18:59,warm
U0257,39,0.2,click,A02,2026-02-03 16:19:04,warm
U0100,34,0.2,click,A06,2026-02-03 19:31:47,warm
U0191,68,0.2,click,A09,2026-02-03 19:56:47,warm
U0153,54,0.2,click,A10,2026-02-03 20:40:41,warm
U0262,26,0.2,click,A06,2026-02-03 20:48:15,warm
U0218,26,0.2,click,A01,2026-02-04 10:47:00,warm
U0216,63,0.2,click,A07,2026-02-04 10:51:20,warm
U0216,62,0.5,save,A07,2026-02-04 10:52:24,warm
U0061,40,0.2,click,A10,2026-02-04 11:58:03,warm
U0061,86,0.2,click,A10,2026-02-04 11:58:47,warm
U0061,33,0.2,click,A10,2026-02-04 11:59:55,warm
U0034,26,0.2,click,A11,2026-02-04 12:36:05,warm
U0034,27,0.2,click,A11,2026-02-04 12:40:02,warm
U0249,97,0.2,click,A01,2026-02-04 12:46:55,warm
U0249,27,0.2,click,A01,2026-02-04 12:49:19,warm
U0146,97,0.2,click,A01,2026-02-04 12:50:34,warm
U0146,68,0.2,click,A01,2026-02-04 12:51:02,warm
U0146,81,0.2,click,A01,2026-02-04 12:54:30,warm
U0045,38,0.2,click,A10,2026-02-04 13:02:11,warm
U0045,49,0.2,click,A10,2026-02-04 13:03:24,warm
U0145,50,0.5,save,A12,2026-02-04 14:50:24,warm
U0114,48,0.2,click,A12,2026-02-04 15:16:46,warm
U0045,34,0.2,click,A10,2026-02-04 16:13:12,warm
U0103,97,0.2,click,A01,2026-02-04 19:37:00,warm
U0103,26,0.2,click,A01,2026-02-04 19:38:19,warm
U0103,68,0.2,click,A01,2026-02-04 19:39:36,warm
U0054,101,0.5,save,A10,2026-02-04 19:56:02,warm
U0264,27,0.2,click,A02,2026-02-04 20:30:05,warm
U0264,21,0.2,click,A02,2026-02-04 20:31:26,warm
U0197,21,0.2,click,A05,2026-02-04 22:25:22,warm
U0197,91,0.2,click,A05,2026-02-04 22:27:48,warm
U0226,54,0.2,click,A10,2026-02-04 22:44:32,warm
U0279,105,0.2,click,A09,2026-02-05 09:40:51,warm
U0279,71,0.2,click,A09,2026-02-05 09:42:13,warm
U0184,100,0.2,click,A08,2026-02-05 10:06:30,warm
U0029,37,0.2,click,A06,2026-02-05 10:07:29,warm
U0029,107,0.2,click,A06,2026-02-05 10:10:34,warm
U0029,33,0.2,click,A06,2026-02-05 10:10:45,warm
U0281,63,0.2,click,A07,2026-02-05 10:48:55,warm
U0281,75,0.2,click,A07,2026-02-05 10:52:29,warm
U0002,49,0.5,save,A12,2026-02-05 11:32:40,warm
U0002,51,0.2,click,A12,2026-02-05 11:33:32,warm
U0126,54,0.2,click,A08,2026-02-05 12:09:42,warm
U0108,81,0.5,save,A06,2026-02-05 12:13:38,warm
U0112,64,0.2,click,A06,2026-02-05 13:04:54,warm
U0112,93,0.2,click,A06,2026-02-05 13:06:25,warm
U0112,51,0.2,click,A06,2026-02-05 13:08:20,warm
U0096,72,0.2,click,A01,2026-02-05 13:55:08,warm
U0246,33,0.2,click,A10,2026-02-05 14:13:42,warm
U0246,53,0.2,click,A10,2026-02-05 14:13:46,warm
U0148,108,0.2,click,A05,2026-02-05 14:50:18,warm
U0148,43,0.2,click,A05,2026-02-05 14:51:30,warm
U0105,103,0.2,click,A04,2026-02-05 15:44:52,warm
U0236,25,0.2,click,A06,2026-02-05 16:04:09,warm
U0046,77,0.2,click,A02,2026-02-05 16:52:26,warm
U0101,95,0.2,click,A08,2026-02-05 17:04:06,warm
U0070,83,0.2,click,A04,2026-02-05 20:30:06,warm
U0233,57,0.2,click,A04,2026-02-05 21:02:40,warm
U0201,33,0.2,click,A06,2026-02-06 09:12:22,warm
U0201,84,0.2,click,A06,2026-02-06 09:14:05,warm
U0052,27,0.2,click,A01,2026-02-06 09:42:30,warm
U0235,31,0.2,click,A03,2026-02-06 10:31:59,warm
U0042,106,0.2,click,A04,2026-02-06 12:07:36,warm
U0271,33,0.2,click,A02,2026-02-06 13:38:27,warm
U0196,92,0.2,click,A09,2026-02-06 13:53:54,warm
U0170,26,0.2,click,A01,2026-02-06 14:09:02,warm
U0270,74,0.2,click,A07,2026-02-06 14:19:40,warm
U0089,101,0.5,save,A02,2026-02-06 17:39:17,warm
U0089,40,0.5,save,A02,2026-02-06 17:41:05,warm
U0089,102,0.2,click,A02,2026-02-06 17:42:21,warm
U0243,100,0.2,click,A08,2026-02-06 18:29:22,warm
U0072,47,0.2,click,A11,2026-02-06 20:32:13,warm
U0003,104,0.5,save,A12,2026-02-06 20:54:03,warm
U0003,39,0.5,save,A12,2026-02-06 20:54:29,warm
U0190,25,0.2,click,A01,2026-02-06 21:47:06,warm
U0153,102,0.2,click,A10,2026-02-06 22:02:23,warm
U0153,25,0.2,click,A10,2026-02-06 22:02:49,warm
U0259,41,0.2,click,A12,2026-02-06 22:25:23,warm
U0245,53,0.5,save,A08,2026-02-07 09:49:11,warm
U0283,23,0.2,click,A01,2026-02-07 11:16:25,warm
U0240,93,0.5,save,A07,2026-02-07 11:41:21,warm
U0240,62,0.2,click,A07,2026-02-07 11:42:51,warm
U0240,85,0.2,click,A07,2026-02-07 11:42:52,warm
U0240,69,0.2,click,A07,2026-02-07 11:44:32,warm
U0169,47,0.2,click,A05,2026-02-07 12:27:44,warm
U0164,100,0.2,click,A08,2026-02-07 13:07:39,warm
U0166,21,0.2,click,A10,2026-02-07 15:30:09,warm
U0166,70,0.2,click,A10,2026-02-07 15:30:43,warm
U0229,70,0.2,click,A04,2026-02-07 15:33:25,warm
U0229,57,0.2,click,A04,2026-02-07 15:34:36,warm
U0229,90,0.2,click,A04,2026-02-07 15:35:34,warm
U0255,46,0.2,click,A04,2026-02-07 16:40:41,warm
U0110,80,0.2,click,A07,2026-02-07 17:52:57,warm
U0110,60,0.2,click,A07,2026-02-07 17:53:41,warm
U0110,63,0.2,click,A07,2026-02-07 17:55:54,warm
U0257,84,0.2,click,A02,2026-02-07 19:40:51,warm
U0061,51,0.2,click,A10,2026-02-07 20:23:55,warm
U0009,49,0.2,click,A05,2026-02-07 20:30:52,warm
U0282,82,0.2,click,A11,2026-02-07 22:49:13,warm
U0282,41,0.2,click,A11,2026-02-07 22:49:35,warm
U0265,22,0.2,click,A11,2026-02-07 22:53:45,warm
U0265,102,0.2,click,A11,2026-02-07 22:56:38,warm
U0172,73,0.2,click,A13,2026-02-08 09:42:04,warm
U0172,71,0.2,click,A13,2026-02-08 09:43:06,warm
U0172,59,0.2,click,A13,2026-02-08 09:45:38,warm
U0201,38,0.2,click,A06,2026-02-08 10:14:35,warm
U0201,98,0.2,click,A06,2026-02-08 10:16:51,warm
U0262,37,0.2,click,A06,2026-02-08 10:25:11,warm
U0262,81,0.2,click,A06,2026-02-08 10:27:35,warm
U0149,99,0.2,click,A13,2026-02-08 11:07:32,warm
U0165,33,0.5,save,A06,2026-02-08 12:02:46,warm
U0267,50,0.2,click,A02,2026-02-08 12:36:23,warm
U0267,103,0.2,click,A02,2026-02-08 12:37:12,warm
U0013,80,0.2,click,A13,2026-02-08 12:52:47,warm
U0030,44,0.2,click,A11,2026-02-08 14:00:22,warm
U0030,76,0.2,click,A11,2026-02-08 14:00:58,warm
U0263,100,0.5,save,A08,2026-02-08 14:10:52,warm
U0263,53,0.5,save,A08,2026-02-08 14:10:58,warm
U0276,65,0.5,save,A04,2026-02-08 14:42:22,warm
U0161,69,0.2,click,A13,2026-02-08 14:49:53,warm
U0291,84,1.0,order,A06,2026-02-08 16:11:08,warm
U0022,103,0.2,click,A04,2026-02-08 17:13:30,warm
U0022,68,0.5,save,A04,2026-02-08 17:13:48,warm
U0022,65,0.5,save,A04,2026-02-08 17:17:09,warm
U0165,51,0.2,click,A06,2026-02-08 18:38:13,warm
U0131,82,0.2,click,A05,2026-02-08 19:45:34,warm
U0112,77,0.2,click,A06,2026-02-08 20:24:49,warm
U0112,27,0.2,click,A06,2026-02-08 20:29:04,warm
U0193,47,0.5,save,A11,2026-02-08 20:35:01,warm
U0193,43,0.2,click,A11,2026-02-08 20:36:18,warm
U0102,48,0.2,click,A05,2026-02-08 21:29:22,warm
U0226,44,0.2,click,A10,2026-02-08 21:36:37,warm
U0226,61,0.2,click,A10,2026-02-08 21:38:51,warm
U0161,62,0.2,click,A13,2026-02-08 22:19:14,warm
U0074,80,0.2,click,A07,2026-02-08 22:34:16,warm
U0074,93,0.2,click,A07,2026-02-08 22:35:48,warm
U0074,72,0.2,click,A07,2026-02-08 22:37:00,warm
U0074,60,0.2,click,A07,2026-02-08 22:37:40,warm
U0186,72,0.2,click,A13,2026-02-09 09:01:48,warm
U0186,74,0.5,save,A13,2026-02-09 09:03:57,warm
U0070,90,0.2,click,A04,2026-02-09 09:11:11,warm
U0150,60,0.2,click,A01,2026-02-09 09:38:34,warm
U0275,83,0.2,click,A04,2026-02-09 09:40:59,warm
U0034,44,0.2,click,A11,2026-02-09 11:15:29,warm
U0126,109,0.2,click,A08,2026-02-09 11:38:30,warm
U0126,53,0.2,click,A08,2026-02-09 11:39:32,warm
U0075,21,0.2,click,A10,2026-02-09 12:35:43,warm
U0075,34,0.2,click,A10,2026-02-09 12:36:54,warm
U0075,22,0.5,save,A10,2026-02-09 12:37:54,warm
U0075,68,0.2,click,A10,2026-02-09 12:39:04,warm
U0255,78,0.2,click,A04,2026-02-09 13:30:17,warm
U0044,66,0.2,click,A09,2026-02-09 14:45:44,warm
U0163,37,0.2,click,A02,2026-02-09 15:01:19,warm
U0083,84,0.2,click,A02,2026-02-09 15:46:54,warm
U0236,36,0.2,click,A06,2026-02-09 16:55:33,warm
U0063,52,0.5,save,A10,2026-02-09 17:34:36,warm
U0144,67,0.5,save,A07,2026-02-09 18:55:01,warm
U0144,93,0.2,click,A07,2026-02-09 18:56:15,warm
U0144,59,0.2,click,A07,2026-02-09 18:57:41,warm
U0190,57,0.2,click,A01,2026-02-09 20:28:33,warm
U0212,67,0.2,click,A13,2026-02-09 21:02:55,warm
U0212,62,0.2,click,A13,2026-02-09 21:06:27,warm
U0035,85,0.2,click,A13,2026-02-10 09:08:36,warm
U0035,59,0.5,save,A13,2026-02-10 09:10:53,warm
U0097,95,0.2,click,A08,2026-02-10 09:53:56,warm
U0097,53,0.2,click,A08,2026-02-10 09:57:23,warm
U0030,34,0.2,click,A11,2026-02-10 11:29:11,warm
U0297,39,0.2,click,A11,2026-02-10 11:34:51,warm
U0007,66,0.2,click,A04,2026-02-10 13:10:59,warm
U0007,65,0.2,click,A04,2026-02-10 13:11:04,warm
U0094,93,0.2,click,A13,2026-02-10 13:51:29,warm
U0249,72,0.2,click,A01,2026-02-10 14:23:36,warm
U0249,46,0.2,click,A01,2026-02-10 14:24:04,warm
U0249,60,0.2,click,A01,2026-02-10 14:25:34,warm
U0249,74,0.2,click,A01,2026-02-10 14:25:54,warm
U0249,92,0.2,click,A01,2026-02-10 14:53:44,warm
U0249,59,0.2,click,A01,2026-02-10 14:57:19,warm
U0249,81,0.5,save,A01,2026-02-10 14:57:48,warm
U0252,41,0.2,click,A12,2026-02-10 15:18:01,warm
U0252,44,0.2,click,A12,2026-02-10 15:18:10,warm
U0252,22,0.5,save,A12,2026-02-10 15:22:04,warm
U0292,62,0.2,click,A07,2026-02-10 15:28:38,warm
U0159,72,0.2,click,A13,2026-02-10 15:55:12,warm
U0159,59,0.2,click,A13,2026-02-10 15:55:59,warm
U0159,62,0.2,click,A13,2026-02-10 15:57:02,warm
U0196,79,0.2,click,A09,2026-02-10 18:20:23,warm
U0278,70,0.2,click,A09,2026-02-10 19:31:52,warm
U0278,78,0.2,click,A09,2026-02-10 19:32:57,warm
U0077,55,0.2,click,A09,2026-02-10 19:53:50,warm
U0005,78,0.2,click,A04,2026-02-10 20:07:13,warm
U0005,105,0.2,click,A04,2026-02-10 20:07:27,warm
U0182,48,0.2,click,A07,2026-02-10 20:08:51,warm
U0182,61,0.2,click,A07,2026-02-10 20:09:56,warm
U0114,91,0.2,click,A12,2026-02-10 20:34:40,warm
U0114,107,0.2,click,A12,2026-02-10 20:36:13,warm
U0114,106,0.2,click,A12,2026-02-10 20:38:09,warm
U0104,67,0.2,click,A13,2026-02-10 20:48:51,warm
U0146,92,0.2,click,A01,2026-02-10 21:12:09,warm
U0261,34,0.5,save,A10,2026-02-10 21:23:12,warm
U0072,45,0.2,click,A11,2026-02-10 21:35:16,warm
U0098,36,0.2,click,A11,2026-02-10 21:35:28,warm
U0293,58,0.2,click,A01,2026-02-10 21:52:22,warm
U0279,65,0.2,click,A09,2026-02-10 22:27:48,warm
U0011,101,0.2,click,A10,2026-02-11 10:14:10,warm
U0229,106,0.2,click,A04,2026-02-11 10:23:49,warm
U0229,105,0.2,click,A04,2026-02-11 10:27:50,warm
U0038,45,0.2,click,A12,2026-02-11 12:48:10,warm
U0038,87,0.2,click,A12,2026-02-11 12:51:27,warm
U0175,68,0.2,click,A01,2026-02-11 14:29:21,warm
U0157,86,0.2,click,A03,2026-02-11 14:51:46,warm
U0117,24,0.2,click,A01,2026-02-11 14:57:35,warm
U0117,103,0.2,click,A01,2026-02-11 14:58:34,warm
U0256,87,0.2,click,A08,2026-02-11 15:40:11,warm
U0241,108,0.2,click,A13,2026-02-11 16:54:10,warm
U0174,37,0.2,click,A10,2026-02-11 18:58:20,warm
U0174,72,0.2,click,A10,2026-02-11 18:58:41,warm
U0174,104,0.2,click,A10,2026-02-11 19:01:32,warm
U0135,32,0.2,click,A03,2026-02-11 19:21:24,warm
U0135,23,0.2,click,A03,2026-02-11 19:23:11,warm
U0189,76,0.2,click,A11,2026-02-11 19:33:21,warm
U0120,25,0.2,click,A06,2026-02-11 21:14:55,warm
U0074,63,0.2,click,A07,2026-02-11 21:42:39,warm
U0088,98,0.2,click,A01,2026-02-11 22:17:55,warm
U0253,31,0.2,click,A06,2026-02-11 22:28:37,warm
U0053,60,0.2,click,A13,2026-02-12 10:11:39,warm
U0053,25,0.2,click,A13,2026-02-12 10:11:40,warm
U0088,50,0.2,click,A01,2026-02-12 10:42:43,warm
U0088,60,0.2,click,A01,2026-02-12 10:43:42,warm
U0088,47,0.2,click,A01,2026-02-12 10:44:44,warm
U0023,40,0.2,click,A05,2026-02-12 11:09:04,warm
U0056,34,0.2,click,A11,2026-02-12 11:28:00,warm
U0292,67,0.2,click,A07,2026-02-12 11:37:46,warm
U0292,74,0.2,click,A07,2026-02-12 11:38:46,warm
U0292,69,0.5,save,A07,2026-02-12 11:40:04,warm
U0291,30,0.2,click,A06,2026-02-12 13:27:46,warm
U0291,76,0.2,click,A06,2026-02-12 13:31:59,warm
U0154,62,0.2,click,A07,2026-02-12 13:43:23,warm
U0154,61,0.2,click,A07,2026-02-12 13:46:40,warm
U0154,60,0.2,click,A07,2026-02-12 13:48:09,warm
U0128,46,0.2,click,A01,2026-02-12 15:19:33,warm
U0128,26,0.2,click,A01,2026-02-12 15:21:24,warm
U0128,77,0.2,click,A01,2026-02-12 15:21:48,warm
U0074,88,0.2,click,A07,2026-02-12 15:31:57,warm
U0185,74,0.2,click,A01,2026-02-12 16:18:05,warm
U0289,105,0.5,save,A04,2026-02-12 17:12:11,warm
U0289,70,0.2,click,A04,2026-02-12 17:12:56,warm
U0103,70,0.2,click,A01,2026-02-12 17:58:50,warm
U0103,59,0.5,save,A01,2026-02-12 18:01:25,warm
U0039,36,0.2,click,A10,2026-02-12 19:00:52,warm
U0039,76,0.2,click,A10,2026-02-12 19:04:20,warm
U0216,80,0.2,click,A07,2026-02-12 20:20:59,warm
U0216,71,0.2,click,A07,2026-02-12 20:23:28,warm
U0216,85,0.2,click,A07,2026-02-12 20:23:31,warm
U0276,103,0.2,click,A04,2026-02-12 21:13:54,warm
U0276,90,0.2,click,A04,2026-02-12 21:14:58,warm
U0054,76,0.2,click,A10,2026-02-12 21:37:16,warm
U0054,50,0.2,click,A10,2026-02-12 21:41:48,warm
U0026,85,0.2,click,A13,2026-02-13 10:07:59,warm
U0026,59,0.2,click,A13,2026-02-13 10:08:50,warm
U0035,95,0.2,click,A13,2026-02-13 11:33:54,warm
U0035,80,0.5,save,A13,2026-02-13 11:36:43,warm
U0035,69,0.2,click,A13,2026-02-13 11:37:42,warm
U0177,57,0.2,click,A04,2026-02-13 12:44:50,warm
U0085,35,0.2,click,A03,2026-02-13 13:15:29,warm
U0085,31,0.2,click,A03,2026-02-13 13:18:22,warm
U0047,78,0.2,click,A04,2026-02-13 13:25:35,warm
U0047,70,0.2,click,A04,2026-02-13 13:27:16,warm
U0005,70,0.2,click,A04,2026-02-13 15:26:03,warm
U0283,85,0.2,click,A01,2026-02-13 15:28:20,warm
U0083,107,0.2,click,A02,2026-02-13 16:57:36,warm
U0083,25,0.2,click,A02,2026-02-13 16:58:24,warm
U0083,91,0.2,click,A02,2026-02-13 17:01:25,warm
U0071,24,0.2,click,A02,2026-02-13 18:41:10,warm
U0148,44,0.2,click,A05,2026-02-13 21:28:48,warm
U0148,66,0.2,click,A05,2026-02-13 21:28:58,warm
U0148,42,0.2,click,A05,2026-02-13 21:29:51,warm
U0222,90,0.2,click,A05,2026-02-13 21:46:13,warm
U0021,86,0.2,click,A02,2026-02-13 22:40:45,warm
U0114,52,0.2,click,A12,2026-02-14 09:38:40,warm
U0208,99,0.2,click,A02,2026-02-14 10:56:00,warm
U0146,67,0.2,click,A01,2026-02-14 11:04:50,warm
U0146,79,0.2,click,A01,2026-02-14 11:07:07,warm
U0146,57,0.2,click,A01,2026-02-14 11:07:41,warm
U0146,59,0.5,save,A01,2026-02-14 11:08:05,warm
U0208,38,1.0,order,A02,2026-02-14 11:14:03,warm
U0201,39,0.5,save,A06,2026-02-14 12:44:00,warm
U0210,88,0.2,click,A07,2026-02-14 13:00:20,warm
U0210,73,0.5,save,A07,2026-02-14 13:00:56,warm
U0210,74,0.2,click,A07,2026-02-14 13:02:37,warm
U0186,73,0.2,click,A13,2026-02-14 13:23:20,warm
U0186,93,0.2,click,A13,2026-02-14 13:24:30,warm
U0024,50,0.2,click,A02,2026-02-14 14:34:32,warm
U0024,81,0.2,click,A02,2026-02-14 14:37:28,warm
U0024,27,0.2,click,A02,2026-02-14 14:37:37,warm
U0116,37,0.2,click,A10,2026-02-14 17:14:54,warm
U0069,85,0.2,click,A13,2026-02-14 18:28:54,warm
U0069,75,0.2,click,A13,2026-02-14 18:31:33,warm
U0064,84,0.2,click,A08,2026-02-14 18:57:11,warm
U0064,109,0.2,click,A08,2026-02-14 18:59:13,warm
U0018,100,0.2,click,A03,2026-02-14 19:44:10,warm
U0018,87,0.2,click,A03,2026-02-14 19:44:41,warm
U0018,35,0.5,save,A03,2026-02-14 19:45:27,warm
U0078,47,0.2,click,A03,2026-02-14 21:00:37,warm
U0078,107,0.2,click,A03,2026-02-14 21:01:32,warm
U0078,49,0.5,save,A03,2026-02-14 21:01:42,warm
U0078,91,0.2,click,A03,2026-02-14 21:04:30,warm
U0063,102,0.2,click,A10,2026-02-14 21:14:26,warm
U0128,103,0.2,click,A01,2026-02-14 21:16:20,warm
U0266,74,0.2,click,A13,2026-02-14 22:18:23,warm
U0164,56,0.2,click,A08,2026-02-14 22:18:57,warm
U0164,83,0.2,click,A08,2026-02-14 22:20:00,warm
U0266,108,0.2,click,A13,2026-02-14 22:20:55,warm
U0266,62,0.2,click,A13,2026-02-14 22:21:00,warm
U0164,96,0.5,save,A08,2026-02-14 22:22:22,warm
U0164,36,0.2,click,A08,2026-02-14 22:23:03,warm
U0119,79,0.2,click,A01,2026-02-15 10:30:12,warm
U0119,57,0.5,save,A01,2026-02-15 10:31:12,warm
U0036,30,0.2,click,A06,2026-02-15 11:33:45,warm
U0005,92,0.2,click,A04,2026-02-15 12:02:34,warm
U0005,79,0.5,save,A04,2026-02-15 12:03:51,warm
U0159,67,0.2,click,A13,2026-02-15 12:07:43,warm
U0159,99,0.2,click,A13,2026-02-15 12:10:19,warm
U0014,43,0.2,click,A11,2026-02-15 12:41:51,warm
U0216,108,0.2,click,A07,2026-02-15 13:22:43,warm
U0065,22,0.2,click,A10,2026-02-15 14:13:14,warm
U0065,102,0.2,click,A10,2026-02-15 14:13:22,warm
U0065,54,0.5,save,A10,2026-02-15 14:13:56,warm
U0134,100,0.2,click,A08,2026-02-15 14:18:25,warm
U0134,55,0.2,click,A08,2026-02-15 14:18:37,warm
U0134,54,0.2,click,A08,2026-02-15 14:20:29,warm
U0134,95,1.0,order,A08,2026-02-15 14:31:29,warm
U0077,103,0.2,click,A09,2026-02-15 14:42:55,warm
U0099,81,0.5,save,A06,2026-02-15 15:51:43,warm
U0099,27,0.2,click,A06,2026-02-15 15:52:56,warm
U0008,93,0.2,click,A07,2026-02-15 16:39:52,warm
U0008,88,0.2,click,A07,2026-02-15 16:42:42,warm
U0008,108,0.2,click,A07,2026-02-15 16:43:48,warm
U0174,26,0.2,click,A10,2026-02-15 17:12:49,warm
U0174,44,0.2,click,A10,2026-02-15 17:14:21,warm
U0218,77,0.2,click,A01,2026-02-15 18:18:51,warm
U0218,46,0.2,click,A01,2026-02-15 18:20:53,warm
U0218,57,0.5,save,A01,2026-02-15 18:21:13,warm
U0218,98,0.2,click,A01,2026-02-15 18:21:39,warm
U0031,99,0.5,save,A07,2026-02-15 18:27:29,warm
U0230,21,0.2,click,A03,2026-02-15 18:28:09,warm
U0230,30,0.5,save,A03,2026-02-15 18:28:22,warm
U0091,100,0.2,click,A08,2026-02-15 18:29:20,warm
U0097,55,0.2,click,A08,2026-02-15 22:56:54,warm
U0037,79,0.2,click,A04,2026-02-16 11:12:52,warm
U0037,57,0.2,click,A04,2026-02-16 11:13:32,warm
U0029,22,0.2,click,A06,2026-02-16 12:26:47,warm
U0010,60,0.2,click,A12,2026-02-16 13:09:22,warm
U0010,101,0.2,click,A12,2026-02-16 13:11:15,warm
U0069,107,0.2,click,A13,2026-02-16 15:40:22,warm
U0053,72,0.2,click,A13,2026-02-16 16:47:20,warm
U0053,67,0.2,click,A13,2026-02-16 16:48:47,warm
U0033,90,0.2,click,A09,2026-02-16 17:37:23,warm
U0033,78,0.2,click,A09,2026-02-16 17:37:35,warm
U0292,73,0.2,click,A07,2026-02-16 17:50:35,warm
U0292,72,0.2,click,A07,2026-02-16 17:52:18,warm
U0104,85,0.2,click,A13,2026-02-16 19:09:23,warm
U0164,109,0.2,click,A08,2026-02-16 19:36:55,warm
U0046,61,0.2,click,A02,2026-02-16 20:34:04,warm
U0046,23,0.2,click,A02,2026-02-16 20:37:27,warm
U0046,101,0.5,save,A02,2026-02-16 20:37:54,warm
U0046,44,0.2,click,A02,2026-02-16 20:38:04,warm
U0235,41,0.2,click,A03,2026-02-16 21:55:59,warm
U0128,79,0.2,click,A01,2026-02-16 22:35:57,warm
U0293,59,0.2,click,A01,2026-02-17 10:14:25,warm
U0293,27,0.2,click,A01,2026-02-17 10:14:27,warm
U0293,77,0.2,click,A01,2026-02-17 10:16:07,warm
U0293,98,0.2,click,A01,2026-02-17 10:17:32,warm
U0277,85,0.2,click,A13,2026-02-17 11:06:59,warm
U0286,105,0.2,click,A08,2026-02-17 11:15:17,warm
U0286,90,0.2,click,A08,2026-02-17 11:15:39,warm
U0008,75,0.2,click,A07,2026-02-17 12:19:08,warm
U0056,94,0.2,click,A11,2026-02-17 12:53:24,warm
U0258,94,0.2,click,A12,2026-02-17 13:54:48,warm
U0258,91,0.2,click,A12,2026-02-17 13:57:40,warm
U0066,91,0.2,click,A03,2026-02-17 16:26:22,warm
U0271,76,0.2,click,A02,2026-02-17 16:30:44,warm
U0298,59,0.2,click,A13,2026-02-17 17:03:00,warm
U0298,85,0.5,save,A13,2026-02-17 17:06:54,warm
U0082,51,0.2,click,A02,2026-02-17 18:10:54,warm
U0082,47,0.2,click,A02,2026-02-17 18:11:02,warm
U0123,95,0.2,click,A08,2026-02-17 18:22:41,warm
U0093,54,0.2,click,A08,2026-02-17 19:11:51,warm
U0120,52,0.2,click,A06,2026-02-17 20:16:19,warm
U0120,30,0.5,save,A06,2026-02-17 20:17:06,warm
U0120,97,0.5,save,A06,2026-02-17 20:17:54,warm
U0120,26,0.2,click,A06,2026-02-17 20:18:17,warm
U0120,38,0.2,click,A06,2026-02-17 20:18:23,warm
U0026,72,0.2,click,A13,2026-02-17 21:12:46,warm
U0189,24,0.2,click,A11,2026-02-18 09:04:17,warm
U0189,52,0.2,click,A11,2026-02-18 09:07:24,warm
U0277,74,0.2,click,A13,2026-02-18 10:22:37,warm
U0277,46,0.2,click,A13,2026-02-18 10:24:08,warm
U0277,80,0.2,click,A13,2026-02-18 10:25:48,warm
U0292,93,0.2,click,A07,2026-02-18 11:12:34,warm
U0020,101,0.2,click,A12,2026-02-18 12:11:23,warm
U0020,42,0.2,click,A12,2026-02-18 12:11:44,warm
U0020,102,0.2,click,A12,2026-02-18 12:14:12,warm
U0275,79,0.2,click,A04,2026-02-18 13:57:33,warm
U0051,87,0.2,click,A10,2026-02-18 14:02:27,warm
U0051,31,0.2,click,A10,2026-02-18 14:03:58,warm
U0051,30,0.2,click,A10,2026-02-18 14:05:38,warm
U0295,101,0.2,click,A11,2026-02-18 14:11:53,warm
U0065,21,0.2,click,A10,2026-02-18 14:52:06,warm
U0065,23,0.5,save,A10,2026-02-18 14:52:12,warm
U0115,90,0.2,click,A08,2026-02-18 14:53:26,warm
U0156,78,0.5,save,A04,2026-02-18 16:00:32,warm
U0156,98,0.2,click,A04,2026-02-18 16:05:17,warm
U0012,74,0.2,click,A13,2026-02-18 16:14:59,warm
U0215,46,0.2,click,A05,2026-02-18 16:39:02,warm
U0021,23,0.2,click,A02,2026-02-18 16:48:56,warm
U0021,26,0.2,click,A02,2026-02-18 16:49:33,warm
U0184,105,0.2,click,A08,2026-02-18 17:42:15,warm
U0007,68,0.2,click,A04,2026-02-18 19:19:51,warm
U0273,24,0.5,save,A06,2026-02-18 21:21:17,warm
U0273,40,0.2,click,A06,2026-02-18 21:23:03,warm
U0273,36,0.2,click,A06,2026-02-18 21:24:16,warm
U0144,75,0.2,click,A07,2026-02-18 22:45:25,warm
U0207,78,0.2,click,A04,2026-02-19 10:42:52,warm
U0207,65,0.2,click,A04,2026-02-19 10:43:55,warm
U0015,94,0.2,click,A12,2026-02-19 11:26:12,warm
U0234,47,0.2,click,A03,2026-02-19 12:00:45,warm
U0234,51,0.2,click,A03,2026-02-19 12:02:49,warm
U0234,41,0.2,click,A03,2026-02-19 12:04:55,warm
U0272,21,0.2,click,A05,2026-02-19 13:11:26,warm
U0272,41,0.2,click,A05,2026-02-19 13:16:09,warm
U0281,74,0.2,click,A07,2026-02-19 13:21:14,warm
U0281,88,0.2,click,A07,2026-02-19 13:21:34,warm
U0113,46,0.2,click,A10,2026-02-19 13:53:18,warm
U0129,48,0.2,click,A10,2026-02-19 14:23:26,warm
U0129,52,0.2,click,A10,2026-02-19 14:23:33,warm
U0186,62,0.2,click,A13,2026-02-19 14:39:28,warm
U0051,36,0.2,click,A10,2026-02-19 15:37:16,warm
U0051,44,0.2,click,A10,2026-02-19 15:39:05,warm
U0051,32,0.2,click,A10,2026-02-19 15:39:16,warm
U0051,101,0.2,click,A10,2026-02-19 15:40:21,warm
U0269,68,0.2,click,A04,2026-02-19 16:07:23,warm
U0269,58,0.2,click,A04,2026-02-19 16:07:23,warm
U0019,21,0.2,click,A05,2026-02-19 16:09:34,warm
U0019,101,0.2,click,A05,2026-02-19 16:09:58,warm
U0269,83,0.2,click,A04,2026-02-19 16:12:04,warm
U0279,66,0.2,click,A09,2026-02-19 17:37:24,warm
U0279,92,0.2,click,A09,2026-02-19 17:37:35,warm
U0279,104,0.2,click,A09,2026-02-19 17:40:03,warm
U0279,86,0.2,click,A09,2026-02-19 17:40:08,warm
U0228,91,0.2,click,A11,2026-02-19 18:21:13,warm
U0228,31,0.2,click,A11,2026-02-19 18:24:29,warm
U0038,91,0.5,save,A12,2026-02-19 18:48:26,warm
U0038,51,0.5,save,A12,2026-02-19 18:48:50,warm
U0038,32,0.2,click,A12,2026-02-19 18:50:56,warm
U0062,105,0.2,click,A08,2026-02-19 18:55:13,warm
U0062,84,0.2,click,A08,2026-02-19 18:56:20,warm
U0185,68,0.2,click,A01,2026-02-19 19:02:53,warm
U0233,77,0.2,click,A04,2026-02-19 19:12:53,warm
U0203,87,0.2,click,A03,2026-02-19 19:21:42,warm
U0203,54,0.2,click,A03,2026-02-19 19:22:28,warm
U0228,87,0.2,click,A11,2026-02-19 20:53:26,warm
U0228,58,0.2,click,A11,2026-02-19 20:56:10,warm
U0222,44,0.2,click,A05,2026-02-19 21:53:55,warm
U0222,22,0.2,click,A05,2026-02-19 21:55:22,warm
U0048,25,0.2,click,A01,2026-02-20 09:01:09,warm
U0048,70,0.2,click,A01,2026-02-20 09:02:38,warm
U0048,67,0.2,click,A01,2026-02-20 09:02:53,warm
U0011,30,0.2,click,A10,2026-02-20 09:11:41,warm
U0122,91,0.2,click,A05,2026-02-20 09:17:34,warm
U0122,106,0.2,click,A05,2026-02-20 09:18:18,warm
U0242,105,0.2,click,A01,2026-02-20 09:19:32,warm
U0242,57,0.2,click,A01,2026-02-20 09:19:33,warm
U0242,26,0.2,click,A01,2026-02-20 09:20:23,warm
U0272,101,0.2,click,A05,2026-02-20 09:32:32,warm
U0272,80,0.2,click,A05,2026-02-20 09:34:32,warm
U0084,50,0.2,click,A06,2026-02-20 09:57:25,warm
U0176,77,0.2,click,A06,2026-02-20 10:48:45,warm
U0176,39,0.2,click,A06,2026-02-20 10:48:50,warm
U0004,69,0.2,click,A07,2026-02-20 11:11:47,warm
U0004,72,0.2,click,A07,2026-02-20 11:14:22,warm
U0004,59,0.2,click,A07,2026-02-20 11:15:13,warm
U0236,32,0.5,save,A06,2026-02-20 11:57:40,warm
U0000,27,0.2,click,A03,2026-02-20 12:18:57,warm
U0132,26,0.2,click,A11,2026-02-20 13:09:34,warm
U0241,73,0.5,save,A13,2026-02-20 14:01:23,warm
U0241,85,0.2,click,A13,2026-02-20 14:01:59,warm
U0241,80,0.2,click,A13,2026-02-20 14:03:25,warm
U0170,72,0.2,click,A01,2026-02-20 14:08:10,warm
U0170,46,0.5,save,A01,2026-02-20 14:08:44,warm
U0170,31,0.2,click,A01,2026-02-20 14:10:17,warm
U0192,94,0.2,click,A10,2026-02-20 14:54:43,warm
U0182,67,0.2,click,A07,2026-02-20 15:41:26,warm
U0090,68,0.5,save,A09,2026-02-20 17:01:55,warm
U0024,86,0.2,click,A02,2026-02-20 18:03:37,warm
U0052,23,0.2,click,A01,2026-02-20 20:05:55,warm
U0039,107,0.2,click,A10,2026-02-20 20:55:35,warm
U0129,38,0.2,click,A10,2026-02-20 21:12:06,warm
U0081,99,0.2,click,A09,2026-02-20 22:16:15,warm
U0197,49,0.2,click,A05,2026-02-20 22:21:53,warm
U0024,24,0.2,click,A02,2026-02-20 22:44:46,warm
U0024,102,0.2,click,A02,2026-02-20 22:45:02,warm
U0279,78,0.5,save,A09,2026-02-21 09:25:16,warm
U0253,33,0.2,click,A06,2026-02-21 11:11:29,warm
U0253,98,0.2,click,A06,2026-02-21 11:13:24,warm
U0262,97,0.2,click,A06,2026-02-21 12:45:23,warm
U0192,104,0.2,click,A10,2026-02-21 14:03:37,warm
U0004,108,0.2,click,A07,2026-02-21 14:24:47,warm
U0004,85,0.2,click,A07,2026-02-21 14:26:43,warm
U0004,88,0.2,click,A07,2026-02-21 14:27:51,warm
U0032,65,0.2,click,A09,2026-02-21 17:34:41,warm
U0032,90,0.2,click,A09,2026-02-21 17:37:37,warm
U0100,36,0.2,click,A06,2026-02-21 18:59:21,warm
U0093,55,0.2,click,A08,2026-02-21 20:05:25,warm
U0093,74,0.2,click,A08,2026-02-21 20:05:40,warm
U0081,71,0.5,save,A09,2026-02-21 20:28:18,warm
U0081,66,0.2,click,A09,2026-02-21 20:30:47,warm
U0005,90,0.2,click,A04,2026-02-21 20:45:35,warm
U0005,83,0.2,click,A04,2026-02-21 20:49:54,warm
U0005,58,0.2,click,A04,2026-02-21 20:50:05,warm
U0278,79,0.2,click,A09,2026-02-21 21:04:59,warm
U0278,83,0.2,click,A09,2026-02-21 21:07:15,warm
U0153,86,0.5,save,A10,2026-02-21 21:48:48,warm
U0153,106,0.5,save,A10,2026-02-21 21:50:02,warm
U0298,40,0.2,click,A13,2026-02-22 10:32:31,warm
U0298,99,0.2,click,A13,2026-02-22 10:35:58,warm
U0298,73,0.2,click,A13,2026-02-22 10:36:06,warm
U0154,73,0.5,save,A07,2026-02-22 11:10:36,warm
U0064,105,0.2,click,A08,2026-02-22 11:39:57,warm
U0064,96,0.2,click,A08,2026-02-22 11:42:11,warm
U0169,44,0.2,click,A05,2026-02-22 13:16:33,warm
U0169,21,0.2,click,A05,2026-02-22 13:19:06,warm
U0055,34,0.2,click,A10,2026-02-22 14:18:02,warm
U0258,101,0.2,click,A12,2026-02-22 15:40:31,warm
U0258,35,0.2,click,A12,2026-02-22 15:40:46,warm
U0047,58,0.2,click,A04,2026-02-22 17:07:23,warm
U0103,60,0.2,click,A01,2026-02-22 17:24:19,warm
U0103,25,0.2,click,A01,2026-02-22 17:26:06,warm
U0275,90,0.2,click,A04,2026-02-22 17:43:07,warm
U0263,54,0.2,click,A08,2026-02-22 17:47:06,warm
U0285,52,0.2,click,A03,2026-02-22 17:48:16,warm
U0263,83,0.2,click,A08,2026-02-22 17:49:23,warm
U0271,25,0.5,save,A02,2026-02-22 20:30:32,warm
U0271,94,0.2,click,A02,2026-02-22 20:32:05,warm
U0271,49,0.2,click,A02,2026-02-22 20:34:16,warm
U0271,107,0.2,click,A02,2026-02-22 20:35:10,warm
U0289,90,0.2,click,A04,2026-02-22 21:05:55,warm
U0289,83,0.2,click,A04,2026-02-22 21:07:14,warm
U0289,79,0.2,click,A04,2026-02-22 21:08:49,warm
U0169,55,0.2,click,A05,2026-02-22 21:30:55,warm
U0239,90,0.2,click,A09,2026-02-22 21:41:26,warm
U0239,66,0.2,click,A09,2026-02-22 21:45:03,warm
U0239,78,0.2,click,A09,2026-02-22 21:45:07,warm
U0102,23,0.2,click,A05,2026-02-22 22:39:29,warm
U0102,43,0.2,click,A05,2026-02-22 22:43:05,warm
U0210,99,0.2,click,A07,2026-02-23 10:33:11,warm
U0282,77,0.2,click,A11,2026-02-23 10:42:54,warm
U0282,92,0.2,click,A11,2026-02-23 10:43:01,warm
U0274,104,0.2,click,A05,2026-02-23 12:15:09,warm
U0145,51,0.2,click,A12,2026-02-23 12:41:00,warm
U0145,32,0.2,click,A12,2026-02-23 12:41:37,warm
U0299,24,0.2,click,A06,2026-02-23 12:58:36,warm
U0299,27,0.2,click,A06,2026-02-23 13:00:56,warm
U0299,37,0.2,click,A06,2026-02-23 13:01:05,warm
U0271,21,0.2,click,A02,2026-02-23 13:17:23,warm
U0183,60,0.2,click,A07,2026-02-23 13:17:29,warm
U0183,85,0.2,click,A07,2026-02-23 13:17:57,warm
U0271,44,0.2,click,A02,2026-02-23 13:18:07,warm
U0120,51,0.2,click,A06,2026-02-23 13:44:15,warm
U0120,77,0.2,click,A06,2026-02-23 13:46:26,warm
U0221,69,0.2,click,A07,2026-02-23 13:48:14,warm
U0221,73,0.2,click,A07,2026-02-23 13:48:56,warm
U0299,52,0.2,click,A06,2026-02-23 15:02:41,warm
U0299,51,0.2,click,A06,2026-02-23 15:03:29,warm
U0299,32,0.2,click,A06,2026-02-23 15:07:00,warm
U0011,102,0.2,click,A10,2026-02-23 17:34:44,warm
U0216,69,0.5,save,A07,2026-02-23 17:42:56,warm
U0267,26,0.2,click,A02,2026-02-23 18:09:44,warm
U0265,34,0.2,click,A11,2026-02-23 20:10:41,warm
U0265,38,0.2,click,A11,2026-02-23 20:12:19,warm
U0265,30,0.2,click,A11,2026-02-23 20:12:21,warm
U0265,27,0.5,save,A11,2026-02-23 20:14:34,warm
U0053,61,0.2,click,A13,2026-02-23 20:37:59,warm
U0053,62,0.2,click,A13,2026-02-23 20:38:33,warm
U0251,43,0.5,save,A05,2026-02-23 21:21:20,warm
U0251,40,0.2,click,A05,2026-02-23 21:23:41,warm
U0256,95,0.2,click,A08,2026-02-23 21:57:18,warm
U0256,96,0.2,click,A08,2026-02-23 21:58:09,warm
U0256,53,0.2,click,A08,2026-02-23 21:59:46,warm
U0256,83,0.2,click,A08,2026-02-23 22:00:42,warm
U0104,108,0.2,click,A13,2026-02-24 11:33:31,warm
U0104,69,0.2,click,A13,2026-02-24 11:35:07,warm
U0104,74,0.2,click,A13,2026-02-24 11:35:24,warm
U0007,103,0.2,click,A04,2026-02-24 11:41:38,warm
U0007,90,0.2,click,A04,2026-02-24 11:42:30,warm
U0007,57,0.5,save,A04,2026-02-24 11:44:29,warm
U0124,66,0.2,click,A09,2026-02-24 12:43:45,warm
U0062,96,0.5,save,A08,2026-02-24 13:04:38,warm
U0187,50,0.2,click,A10,2026-02-24 13:19:10,warm
U0187,76,0.2,click,A10,2026-02-24 13:21:21,warm
U0057,52,0.2,click,A02,2026-02-24 14:51:35,warm
U0117,85,0.2,click,A01,2026-02-24 14:52:45,warm
U0117,55,0.2,click,A01,2026-02-24 14:52:54,warm
U0080,62,0.2,click,A07,2026-02-24 14:53:43,warm
U0057,85,0.2,click,A02,2026-02-24 14:55:56,warm
U0084,22,0.2,click,A06,2026-02-24 17:29:45,warm
U0084,25,0.2,click,A06,2026-02-24 17:31:02,warm
U0242,77,0.2,click,A01,2026-02-24 17:41:47,warm
U0242,60,0.2,click,A01,2026-02-24 17:42:43,warm
U0242,58,0.2,click,A01,2026-02-24 17:42:48,warm
U0242,27,0.2,click,A01,2026-02-24 17:44:40,warm
U0209,97,0.2,click,A06,2026-02-24 18:25:01,warm
U0209,33,0.2,click,A06,2026-02-24 18:26:03,warm
U0046,37,0.2,click,A02,2026-02-24 18:26:28,warm
U0090,71,0.2,click,A09,2026-02-24 18:37:56,warm
U0215,45,0.2,click,A05,2026-02-24 19:15:37,warm
U0215,107,0.5,save,A05,2026-02-24 19:16:11,warm
U0215,43,0.2,click,A05,2026-02-24 19:19:57,warm
U0226,40,0.2,click,A10,2026-02-24 19:37:38,warm
U0009,104,0.2,click,A05,2026-02-24 19:57:59,warm
U0009,44,0.2,click,A05,2026-02-24 19:58:24,warm
U0009,47,0.2,click,A05,2026-02-24 20:00:34,warm
U0266,99,0.2,click,A13,2026-02-24 22:00:49,warm
U0179,56,0.2,click,A08,2026-02-24 22:29:12,warm
U0183,75,0.2,click,A07,2026-02-24 22:57:10,warm
U0115,96,0.2,click,A08,2026-02-25 09:07:15,warm
U0036,35,0.2,click,A06,2026-02-25 09:33:19,warm
U0221,59,0.2,click,A07,2026-02-25 09:38:00,warm
U0237,69,0.2,click,A07,2026-02-25 10:29:17,warm
U0237,73,0.5,save,A07,2026-02-25 10:30:25,warm
U0237,68,0.2,click,A07,2026-02-25 10:30:55,warm
U0151,31,0.2,click,A11,2026-02-25 10:51:37,warm
U0151,40,0.2,click,A11,2026-02-25 10:53:20,warm
U0250,97,0.2,click,A12,2026-02-25 13:02:04,warm
U0088,67,0.2,click,A01,2026-02-25 13:31:07,warm
U0239,65,0.5,save,A09,2026-02-25 13:35:32,warm
U0239,68,0.5,save,A09,2026-02-25 13:38:19,warm
U0239,83,0.2,click,A09,2026-02-25 13:39:38,warm
U0219,48,0.2,click,A11,2026-02-25 15:17:20,warm
U0037,92,0.2,click,A04,2026-02-25 15:27:35,warm
U0261,33,0.2,click,A10,2026-02-25 16:12:44,warm
U0060,21,0.2,click,A12,2026-02-25 17:40:21,warm
U0060,101,0.2,click,A12,2026-02-25 17:42:24,warm
U0119,60,0.2,click,A01,2026-02-25 19:43:28,warm
U0119,75,0.2,click,A01,2026-02-25 19:46:12,warm
U0295,21,0.2,click,A11,2026-02-25 22:30:55,warm
U0295,42,0.2,click,A11,2026-02-25 22:32:47,warm
U0260,25,0.5,save,A02,2026-02-26 09:10:25,warm
U0260,38,0.2,click,A02,2026-02-26 09:11:14,warm
U0260,45,0.2,click,A02,2026-02-26 09:13:53,warm
U0210,60,0.2,click,A07,2026-02-26 09:38:50,warm
U0210,61,0.5,save,A07,2026-02-26 09:39:05,warm
U0210,62,0.2,click,A07,2026-02-26 09:39:36,warm
U0058,21,0.2,click,A12,2026-02-26 10:27:34,warm
U0058,30,0.2,click,A12,2026-02-26 10:29:46,warm
U0254,106,0.2,click,A05,2026-02-26 10:32:51,warm
U0254,94,0.2,click,A05,2026-02-26 10:35:25,warm
U0254,49,0.2,click,A05,2026-02-26 10:37:18,warm
U0001,81,0.2,click,A06,2026-02-26 10:39:01,warm
U0001,36,0.2,click,A06,2026-02-26 10:40:20,warm
U0036,36,0.2,click,A06,2026-02-26 11:55:30,warm
U0036,37,0.2,click,A06,2026-02-26 11:56:56,warm
U0084,81,0.2,click,A06,2026-02-26 12:22:06,warm
U0150,92,0.5,save,A01,2026-02-26 13:57:35,warm
U0240,72,0.2,click,A07,2026-02-26 14:11:54,warm
U0255,66,0.2,click,A04,2026-02-26 14:13:18,warm
U0240,63,0.2,click,A07,2026-02-26 14:14:43,warm
U0240,74,0.2,click,A07,2026-02-26 14:15:10,warm
U0147,85,0.2,click,A01,2026-02-26 14:31:13,warm
U0133,86,0.2,click,A05,2026-02-26 15:31:29,warm
U0133,64,0.2,click,A05,2026-02-26 15:32:25,warm
U0269,79,0.2,click,A04,2026-02-26 15:51:55,warm
U0212,99,0.2,click,A13,2026-02-26 16:31:47,warm
U0257,76,0.2,click,A02,2026-02-26 16:34:10,warm
U0177,103,0.2,click,A04,2026-02-26 17:14:24,warm
U0177,71,0.2,click,A04,2026-02-26 17:14:56,warm
U0134,105,0.2,click,A08,2026-02-26 18:02:55,warm
U0102,102,0.2,click,A05,2026-02-26 19:21:05,warm
U0162,25,0.2,click,A11,2026-02-26 19:39:06,warm
U0162,31,0.2,click,A11,2026-02-26 19:40:04,warm
U0162,88,0.2,click,A11,2026-02-26 19:40:41,warm
U0162,77,0.2,click,A11,2026-02-26 19:42:17,warm
U0248,81,0.2,click,A07,2026-02-26 19:43:59,warm
U0248,62,0.2,click,A07,2026-02-26 19:45:11,warm
U0086,38,0.2,click,A06,2026-02-26 19:47:35,warm
U0254,42,0.2,click,A05,2026-02-26 21:35:09,warm
U0254,91,0.2,click,A05,2026-02-26 21:36:59,warm
U0231,52,0.2,click,A02,2026-02-26 21:38:23,warm
U0231,102,0.2,click,A02,2026-02-26 21:38:47,warm
U0231,21,0.2,click,A02,2026-02-26 21:39:27,warm
U0211,102,0.2,click,A05,2026-02-26 21:47:54,warm
U0211,64,0.2,click,A05,2026-02-26 21:47:54,warm
U0210,59,0.2,click,A07,2026-02-26 22:12:52,warm
U0264,41,0.5,save,A02,2026-02-26 22:29:44,warm
U0116,33,0.2,click,A10,2026-02-26 22:37:05,warm
U0254,64,0.2,click,A05,2026-02-26 22:51:04,warm
U0213,54,0.2,click,A04,2026-02-27 09:47:17,warm
U0206,76,0.2,click,A02,2026-02-27 13:14:01,warm
U0024,31,0.2,click,A02,2026-02-27 13:48:20,warm
U0284,95,0.2,click,A12,2026-02-27 16:25:46,warm
U0284,33,0.5,save,A12,2026-02-27 16:27:54,warm
U0093,96,0.2,click,A08,2026-02-27 17:52:49,warm
U0093,75,0.2,click,A08,2026-02-27 17:55:25,warm
U0093,56,0.2,click,A08,2026-02-27 17:55:37,warm
U0093,90,0.2,click,A08,2026-02-27 17:55:53,warm
U0093,53,0.5,save,A08,2026-02-27 17:56:57,warm
U0252,45,0.2,click,A12,2026-02-27 19:27:56,warm
U0252,86,0.2,click,A12,2026-02-27 19:29:03,warm
U0183,67,0.2,click,A07,2026-02-27 20:17:39,warm
U0129,97,0.2,click,A10,2026-02-27 20:41:09,warm
U0129,54,0.2,click,A10,2026-02-27 20:41:58,warm
U0284,104,0.2,click,A12,2026-02-27 21:01:23,warm
U0284,51,0.2,click,A12,2026-02-27 21:02:16,warm
U0284,38,0.2,click,A12,2026-02-27 21:04:38,warm
U0284,87,0.2,click,A12,2026-02-27 21:04:44,warm
U0065,36,0.2,click,A10,2026-02-28 09:35:09,warm
U0028,65,0.2,click,A09,2026-02-28 11:13:28,warm
U0242,85,0.2,click,A01,2026-02-28 11:36:21,warm
U0242,62,0.2,click,A01,2026-02-28 11:38:01,warm
U0242,84,0.2,click,A01,2026-02-28 11:38:45,warm
U0026,62,0.2,click,A13,2026-02-28 12:31:13,warm
U0238,73,0.2,click,A13,2026-02-28 12:42:23,warm
U0238,62,0.2,click,A13,2026-02-28 12:43:50,warm
U0116,44,0.2,click,A10,2026-02-28 14:16:28,warm
U0116,87,0.2,click,A10,2026-02-28 14:18:16,warm
U0195,64,0.2,click,A05,2026-02-28 14:18:19,warm
U0195,41,0.2,click,A05,2026-02-28 14:20:25,warm
U0195,45,0.2,click,A05,2026-02-28 14:21:01,warm
U0261,82,0.2,click,A10,2026-02-28 14:34:29,warm
U0251,56,0.2,click,A05,2026-02-28 15:16:40,warm
U0087,107,0.2,click,A03,2026-02-28 15:35:14,warm
U0087,44,0.2,click,A03,2026-02-28 15:37:53,warm
U0087,41,0.2,click,A03,2026-02-28 15:39:08,warm
U0087,21,0.2,click,A03,2026-02-28 15:39:20,warm
U0005,68,0.2,click,A04,2026-02-28 18:25:09,warm
U0156,43,0.2,click,A04,2026-02-28 19:17:14,warm
U0152,102,0.2,click,A10,2026-02-28 21:06:35,warm
U0187,52,0.2,click,A10,2026-02-28 21:37:21,warm
U0187,91,0.2,click,A10,2026-02-28 21:37:29,warm
U0187,104,0.2,click,A10,2026-02-28 21:41:20,warm
U0023,91,0.2,click,A05,2026-02-28 22:06:50,warm
U0023,47,0.2,click,A05,2026-02-28 22:06:53,warm
U0023,48,0.5,save,A05,2026-02-28 22:08:16,warm
U0058,102,0.5,save,A12,2026-03-01 09:01:01,warm
U0058,37,0.2,click,A12,2026-03-01 09:01:12,warm
U0058,52,0.2,click,A12,2026-03-01 09:02:30,warm
U0281,99,0.2,click,A07,2026-03-01 09:18:41,warm
U0279,83,0.2,click,A09,2026-03-01 09:27:00,warm
U0169,64,0.2,click,A05,2026-03-01 10:11:06,warm
U0027,106,0.2,click,A12,2026-03-01 10:54:14,warm
U0027,44,0.2,click,A12,2026-03-01 10:54:37,warm
U0039,56,0.2,click,A10,2026-03-01 11:18:50,warm
U0039,91,0.2,click,A10,2026-03-01 11:19:43,warm
U0105,78,0.2,click,A04,2026-03-01 12:00:50,warm
U0105,92,0.2,click,A04,2026-03-01 12:02:07,warm
U0105,105,0.2,click,A04,2026-03-01 12:03:49,warm
U0025,57,0.5,save,A04,2026-03-01 12:33:42,warm
U0055,42,0.2,click,A10,2026-03-01 12:50:26,warm
U0055,35,0.2,click,A10,2026-03-01 12:51:35,warm
U0187,41,0.2,click,A10,2026-03-01 12:52:52,warm
U0227,57,0.2,click,A01,2026-03-01 12:54:00,warm
U0180,25,0.2,click,A01,2026-03-01 13:48:21,warm
U0180,58,0.2,click,A01,2026-03-01 13:51:51,warm
U0095,90,0.5,save,A09,2026-03-01 14:01:23,warm
U0227,70,0.2,click,A01,2026-03-01 14:53:24,warm
U0227,81,0.5,save,A01,2026-03-01 14:55:02,warm
U0277,73,0.2,click,A13,2026-03-01 15:43:53,warm
U0259,55,0.2,click,A12,2026-03-01 17:57:43,warm
U0236,35,0.2,click,A06,2026-03-01 18:08:18,warm
U0050,62,0.2,click,A07,2026-03-01 18:12:09,warm
U0227,25,0.2,click,A01,2026-03-01 19:32:56,warm
U0227,80,0.5,save,A01,2026-03-01 19:33:13,warm
U0152,41,0.2,click,A10,2026-03-01 19:55:27,warm
U0152,52,0.2,click,A10,2026-03-01 19:57:44,warm
U0152,42,0.2,click,A10,2026-03-01 19:57:57,warm
U0205,44,0.2,click,A02,2026-03-01 20:35:40,warm
U0205,31,0.2,click,A02,2026-03-01 20:40:00,warm
U0054,42,0.2,click,A10,2026-03-01 20:46:20,warm
U0054,75,0.2,click,A10,2026-03-01 20:49:42,warm
U0054,23,0.2,click,A10,2026-03-01 20:49:48,warm
U0006,42,0.2,click,A11,2026-03-01 22:00:11,warm
U0006,87,0.2,click,A11,2026-03-01 22:02:50,warm
U0090,92,0.2,click,A09,2026-03-01 22:25:29,warm
U0152,32,0.2,click,A10,2026-03-02 09:27:53,warm
U0152,104,0.2,click,A10,2026-03-02 09:28:19,warm
U0152,35,0.2,click,A10,2026-03-02 09:28:52,warm
U0269,66,0.2,click,A04,2026-03-02 11:05:23,warm
U0148,23,0.2,click,A05,2026-03-02 11:37:34,warm
U0000,39,0.2,click,A03,2026-03-02 12:02:23,warm
U0000,76,0.2,click,A03,2026-03-02 12:04:16,warm
U0000,94,0.2,click,A03,2026-03-02 12:05:57,warm
U0135,45,0.2,click,A03,2026-03-02 12:07:30,warm
U0135,24,0.2,click,A03,2026-03-02 12:07:32,warm
U0135,30,0.2,click,A03,2026-03-02 12:10:34,warm
U0029,27,0.2,click,A06,2026-03-02 12:17:54,warm
U0029,26,0.2,click,A06,2026-03-02 12:20:47,warm
U0143,60,0.2,click,A13,2026-03-02 13:45:59,warm
U0015,32,0.2,click,A12,2026-03-02 13:53:15,warm
U0143,85,0.2,click,A13,2026-03-02 14:25:53,warm
U0143,98,0.2,click,A13,2026-03-02 14:26:02,warm
U0143,74,0.2,click,A13,2026-03-02 14:27:11,warm
U0143,80,0.2,click,A13,2026-03-02 14:28:04,warm
U0143,67,0.2,click,A13,2026-03-02 14:28:48,warm
U0042,57,0.2,click,A04,2026-03-02 15:01:43,warm
U0042,92,0.2,click,A04,2026-03-02 15:01:47,warm
U0042,66,0.2,click,A04,2026-03-02 15:02:28,warm
U0167,77,0.2,click,A05,2026-03-02 15:34:44,warm
U0222,21,0.2,click,A05,2026-03-02 17:43:47,warm
U0222,106,0.2,click,A05,2026-03-02 17:44:02,warm
U0222,82,0.2,click,A05,2026-03-02 17:44:11,warm
U0222,25,0.2,click,A05,2026-03-02 17:46:57,warm
U0112,30,0.2,click,A06,2026-03-02 18:10:50,warm
U0112,33,0.2,click,A06,2026-03-02 18:11:29,warm
U0112,26,0.2,click,A06,2026-03-02 18:14:58,warm
U0236,34,0.2,click,A06,2026-03-02 19:33:04,warm
U0195,39,0.2,click,A05,2026-03-02 20:12:48,warm
U0119,85,0.5,save,A01,2026-03-02 21:01:49,warm
U0119,92,0.2,click,A01,2026-03-02 21:05:12,warm
U0119,25,0.2,click,A01,2026-03-02 21:05:14,warm
U0013,93,0.2,click,A13,2026-03-02 21:34:25,warm
U0094,62,0.2,click,A13,2026-03-02 22:06:14,warm
U0094,75,0.2,click,A13,2026-03-02 22:08:29,warm
U0106,109,0.5,save,A08,2026-03-02 22:44:10,warm
U0106,55,0.2,click,A08,2026-03-02 22:47:57,warm
U0057,23,0.2,click,A02,2026-03-02 22:55:48,warm
U0057,97,0.2,click,A02,2026-03-02 22:56:07,warm
U0152,39,0.2,click,A10,2026-03-03 09:42:27,warm
U0012,67,0.2,click,A13,2026-03-03 10:20:45,warm
U0202,36,0.5,save,A12,2026-03-03 10:25:15,warm
U0127,36,0.2,click,A10,2026-03-03 13:02:02,warm
U0127,76,0.2,click,A10,2026-03-03 13:03:02,warm
U0127,35,0.2,click,A10,2026-03-03 13:03:53,warm
U0127,32,0.2,click,A10,2026-03-03 13:05:20,warm
U0256,55,0.2,click,A08,2026-03-03 13:33:25,warm
U0256,100,0.2,click,A08,2026-03-03 13:35:03,warm
U0087,38,0.2,click,A03,2026-03-03 13:36:07,warm
U0087,22,0.2,click,A03,2026-03-03 13:39:14,warm
U0157,106,0.5,save,A03,2026-03-03 13:53:49,warm
U0157,43,0.2,click,A03,2026-03-03 13:54:08,warm
U0157,36,0.2,click,A03,2026-03-03 13:54:25,warm
U0255,71,0.2,click,A04,2026-03-03 14:31:35,warm
U0255,70,0.2,click,A04,2026-03-03 14:32:08,warm
U0255,68,0.2,click,A04,2026-03-03 14:34:13,warm
U0255,79,0.5,save,A04,2026-03-03 14:34:59,warm
U0243,83,0.2,click,A08,2026-03-03 17:02:47,warm
U0049,58,0.2,click,A04,2026-03-03 19:35:31,warm
U0056,76,0.2,click,A11,2026-03-03 19:42:32,warm
U0270,72,0.2,click,A07,2026-03-03 20:07:36,warm
U0240,99,0.2,click,A07,2026-03-03 20:15:01,warm
U0200,57,0.2,click,A04,2026-03-04 10:04:36,warm
U0260,22,0.2,click,A02,2026-03-04 10:30:30,warm
U0260,31,0.2,click,A02,2026-03-04 10:31:21,warm
U0260,50,0.2,click,A02,2026-03-04 10:31:26,warm
U0138,90,0.2,click,A02,2026-03-04 10:39:37,warm
U0138,47,0.2,click,A02,2026-03-04 10:42:20,warm
U0193,107,0.2,click,A11,2026-03-04 11:23:30,warm
U0193,36,0.2,click,A11,2026-03-04 11:23:47,warm
U0193,94,0.2,click,A11,2026-03-04 11:25:29,warm
U0292,88,0.2,click,A07,2026-03-04 11:57:46,warm
U0255,93,0.2,click,A04,2026-03-04 12:05:11,warm
U0255,57,0.2,click,A04,2026-03-04 12:05:12,warm
U0035,99,0.2,click,A13,2026-03-04 12:10:00,warm
U0035,73,0.2,click,A13,2026-03-04 12:10:17,warm
U0035,97,0.2,click,A13,2026-03-04 12:10:43,warm
U0035,60,0.2,click,A13,2026-03-04 12:10:55,warm
U0220,21,0.2,click,A05,2026-03-04 12:20:33,warm
U0000,106,0.2,click,A03,2026-03-04 14:18:40,warm
U0000,87,0.2,click,A03,2026-03-04 14:20:29,warm
U0002,35,0.2,click,A12,2026-03-04 16:38:54,warm
U0074,85,0.2,click,A07,2026-03-04 18:42:32,warm
U0074,75,0.2,click,A07,2026-03-04 18:46:43,warm
U0132,39,0.2,click,A11,2026-03-04 19:42:03,warm
U0285,34,0.2,click,A03,2026-03-04 20:24:42,warm
U0285,50,0.2,click,A03,2026-03-04 20:26:37,warm
U0224,73,0.2,click,A13,2026-03-04 20:42:36,warm
U0224,93,0.2,click,A13,2026-03-04 20:43:35,warm
U0209,27,0.2,click,A06,2026-03-04 21:20:36,warm
U0209,84,0.2,click,A06,2026-03-04 21:23:50,warm
U0013,75,0.5,save,A13,2026-03-04 21:24:06,warm
U0013,60,0.2,click,A13,2026-03-04 21:25:29,warm
U0098,84,0.2,click,A11,2026-03-04 21:58:38,warm
U0098,37,0.2,click,A11,2026-03-04 21:58:59,warm
U0098,25,0.2,click,A11,2026-03-04 21:59:31,warm
U0098,51,0.2,click,A11,2026-03-04 22:01:18,warm
U0098,81,0.2,click,A11,2026-03-04 22:02:16,warm
U0098,48,0.2,click,A11,2026-03-04 22:40:27,warm
U0103,58,0.2,click,A01,2026-03-04 22:48:41,warm
U0250,43,0.5,save,A12,2026-03-05 09:33:38,warm
U0250,94,0.2,click,A12,2026-03-05 09:37:03,warm
U0085,101,0.2,click,A03,2026-03-05 09:51:14,warm
U0213,70,0.2,click,A04,2026-03-05 10:03:19,warm
U0109,105,0.2,click,A09,2026-03-05 13:00:18,warm
U0109,103,0.2,click,A09,2026-03-05 13:00:58,warm
U0096,79,0.2,click,A01,2026-03-05 14:19:17,warm
U0096,58,0.2,click,A01,2026-03-05 14:19:58,warm
U0096,84,0.5,save,A01,2026-03-05 14:21:00,warm
U0227,92,1.0,order,A01,2026-03-05 16:12:38,warm
U0231,106,0.2,click,A02,2026-03-05 17:06:56,warm
U0231,33,0.2,click,A02,2026-03-05 17:07:44,warm
U0119,59,0.2,click,A01,2026-03-05 19:00:08,warm
U0119,97,0.2,click,A01,2026-03-05 19:01:51,warm
U0049,90,0.2,click,A04,2026-03-05 20:09:34,warm
U0049,66,0.2,click,A04,2026-03-05 20:11:44,warm
U0170,97,0.2,click,A01,2026-03-05 21:46:08,warm
U0170,98,0.2,click,A01,2026-03-05 21:47:58,warm
U0264,55,0.2,click,A02,2026-03-05 22:16:31,warm
U0013,85,0.5,save,A13,2026-03-05 22:27:09,warm
U0080,75,0.5,save,A07,2026-03-06 09:52:41,warm
U0080,69,0.2,click,A07,2026-03-06 09:53:05,warm
U0079,80,0.2,click,A01,2026-03-06 10:46:37,warm
U0193,77,0.2,click,A11,2026-03-06 11:06:49,warm
U0193,27,0.5,save,A11,2026-03-06 11:06:49,warm
U0107,68,0.2,click,A09,2026-03-06 12:00:49,warm
U0107,71,0.2,click,A09,2026-03-06 12:01:53,warm
U0107,70,0.2,click,A09,2026-03-06 12:03:49,warm
U0106,69,0.2,click,A08,2026-03-06 12:22:48,warm
U0111,53,0.2,click,A08,2026-03-06 12:27:02,warm
U0140,82,0.2,click,A09,2026-03-06 12:27:18,warm
U0140,83,0.2,click,A09,2026-03-06 12:29:33,warm
U0140,78,0.2,click,A09,2026-03-06 12:31:04,warm
U0240,59,0.2,click,A07,2026-03-06 13:31:21,warm
U0033,100,0.2,click,A09,2026-03-06 13:57:08,warm
U0271,34,0.2,click,A02,2026-03-06 15:27:53,warm
U0271,51,0.2,click,A02,2026-03-06 15:28:07,warm
U0158,50,0.2,click,A12,2026-03-06 16:04:21,warm
U0022,70,0.2,click,A04,2026-03-06 16:39:32,warm
U0022,90,0.5,save,A04,2026-03-06 16:39:42,warm
U0022,57,0.2,click,A04,2026-03-06 16:40:03,warm
U0223,105,0.2,click,A04,2026-03-06 16:46:08,warm
U0266,94,0.2,click,A13,2026-03-06 17:07:48,warm
U0266,44,0.2,click,A13,2026-03-06 17:07:53,warm
U0218,84,0.5,save,A01,2026-03-06 17:38:27,warm
U0218,72,0.2,click,A01,2026-03-06 17:40:42,warm
U0218,58,0.2,click,A01,2026-03-06 17:42:22,warm
U0068,80,0.2,click,A01,2026-03-06 17:48:49,warm
U0054,46,0.2,click,A10,2026-03-06 18:16:26,warm
U0054,21,0.5,save,A10,2026-03-06 18:16:41,warm
U0041,66,0.2,click,A09,2026-03-06 21:52:06,warm
U0041,79,0.2,click,A09,2026-03-06 21:52:52,warm
U0294,75,0.2,click,A07,2026-03-07 10:24:59,warm
U0072,23,0.2,click,A11,2026-03-07 11:09:54,warm
U0284,31,0.2,click,A12,2026-03-07 11:17:47,warm
U0284,45,0.2,click,A12,2026-03-07 11:18:39,warm
U0284,23,0.2,click,A12,2026-03-07 11:19:22,warm
U0284,82,0.2,click,A12,2026-03-07 11:21:50,warm
U0118,31,0.2,click,A12,2026-03-07 11:33:54,warm
U0118,50,0.2,click,A12,2026-03-07 11:33:57,warm
U0139,44,0.5,save,A12,2026-03-07 12:24:33,warm
U0139,82,0.2,click,A12,2026-03-07 12:25:19,warm
U0053,59,0.2,click,A13,2026-03-07 16:12:54,warm
U0079,59,0.2,click,A01,2026-03-07 16:50:14,warm
U0079,70,0.2,click,A01,2026-03-07 16:51:49,warm
U0090,58,0.2,click,A09,2026-03-07 17:21:44,warm
U0090,79,0.2,click,A09,2026-03-07 17:23:14,warm
U0090,66,0.2,click,A09,2026-03-07 17:23:16,warm
U0090,74,0.2,click,A09,2026-03-07 17:24:13,warm
U0219,43,0.2,click,A11,2026-03-07 18:11:11,warm
U0219,50,0.2,click,A11,2026-03-07 18:11:23,warm
U0219,41,0.2,click,A11,2026-03-07 18:14:36,warm
U0219,23,0.2,click,A11,2026-03-07 18:15:25,warm
U0167,89,0.2,click,A05,2026-03-07 18:44:52,warm
U0167,44,0.2,click,A05,2026-03-07 18:45:25,warm
U0241,75,0.2,click,A13,2026-03-07 19:30:03,warm
U0241,69,0.2,click,A13,2026-03-07 19:31:22,warm
U0241,60,0.2,click,A13,2026-03-07 19:31:39,warm
U0113,22,0.2,click,A10,2026-03-07 20:40:59,warm
U0113,58,0.2,click,A10,2026-03-07 20:41:25,warm
U0113,34,0.2,click,A10,2026-03-07 20:42:27,warm
U0113,36,0.2,click,A10,2026-03-07 20:42:52,warm
U0244,23,0.2,click,A11,2026-03-07 20:50:17,warm
U0057,82,0.2,click,A02,2026-03-08 09:03:49,warm
U0057,34,0.5,save,A02,2026-03-08 09:06:14,warm
U0040,93,0.5,save,A07,2026-03-08 09:27:34,warm
U0040,72,0.2,click,A07,2026-03-08 09:28:46,warm
U0259,107,0.2,click,A12,2026-03-08 09:39:31,warm
U0059,83,0.2,click,A08,2026-03-08 11:09:16,warm
U0159,69,0.2,click,A13,2026-03-08 12:59:32,warm
U0249,24,0.2,click,A01,2026-03-08 13:51:08,warm
U0249,39,0.2,click,A01,2026-03-08 13:53:40,warm
U0220,42,0.2,click,A05,2026-03-08 14:26:20,warm
U0033,65,0.5,save,A09,2026-03-08 15:07:25,warm
U0033,66,0.2,click,A09,2026-03-08 15:07:56,warm
U0033,71,0.2,click,A09,2026-03-08 15:08:00,warm
U0176,38,0.2,click,A06,2026-03-08 15:43:48,warm
U0047,92,0.2,click,A04,2026-03-08 16:19:17,warm
U0003,107,0.2,click,A12,2026-03-08 18:15:25,warm
U0003,22,0.2,click,A12,2026-03-08 18:16:36,warm
U0235,106,0.2,click,A03,2026-03-08 18:40:08,warm
U0235,36,0.2,click,A03,2026-03-08 18:40:11,warm
U0287,100,0.5,save,A09,2026-03-08 20:23:30,warm
U0007,83,0.5,save,A04,2026-03-08 21:00:04,warm
U0007,70,0.2,click,A04,2026-03-08 21:03:02,warm
U0007,93,0.2,click,A04,2026-03-08 21:03:10,warm
U0248,71,0.2,click,A07,2026-03-08 21:16:36,warm
U0018,52,0.5,save,A03,2026-03-08 21:29:15,warm
U0168,45,0.2,click,A11,2026-03-08 21:50:55,warm
U0168,91,0.2,click,A11,2026-03-08 21:50:59,warm
U0168,84,0.2,click,A11,2026-03-08 21:52:48,warm
U0168,24,0.2,click,A11,2026-03-08 21:53:08,warm
U0165,39,0.2,click,A06,2026-03-09 09:31:33,warm
U0165,34,0.2,click,A06,2026-03-09 09:32:16,warm
U0165,27,0.5,save,A06,2026-03-09 09:35:07,warm
U0045,22,0.2,click,A10,2026-03-09 11:39:12,warm
U0029,98,0.2,click,A06,2026-03-09 11:47:44,warm
U0204,90,0.2,click,A09,2026-03-09 11:48:28,warm
U0029,81,0.2,click,A06,2026-03-09 11:52:20,warm
U0033,35,0.2,click,A09,2026-03-09 11:53:54,warm
U0033,57,0.5,save,A09,2026-03-09 11:54:06,warm
U0033,105,0.2,click,A09,2026-03-09 11:56:46,warm
U0154,85,0.2,click,A07,2026-03-09 12:06:20,warm
U0216,73,0.2,click,A07,2026-03-09 13:29:50,warm
U0216,88,0.2,click,A07,2026-03-09 13:31:27,warm
U0276,79,0.2,click,A04,2026-03-09 13:45:35,warm
U0276,48,0.2,click,A04,2026-03-09 13:45:40,warm
U0047,100,0.2,click,A04,2026-03-09 14:04:50,warm
U0079,81,0.2,click,A01,2026-03-09 15:37:31,warm
U0160,101,0.2,click,A03,2026-03-09 16:00:33,warm
U0153,40,0.2,click,A10,2026-03-09 16:25:13,warm
U0261,71,0.2,click,A10,2026-03-09 16:28:04,warm
U0261,102,0.2,click,A10,2026-03-09 16:29:26,warm
U0261,53,0.2,click,A10,2026-03-09 16:29:31,warm
U0128,58,0.2,click,A01,2026-03-09 17:19:57,warm
U0128,25,0.2,click,A01,2026-03-09 17:23:16,warm
U0126,90,0.5,save,A08,2026-03-09 17:30:05,warm
U0267,84,0.2,click,A02,2026-03-09 17:40:20,warm
U0213,83,0.2,click,A04,2026-03-09 17:58:14,warm
U0277,59,0.2,click,A13,2026-03-09 18:03:01,warm
U0277,108,0.2,click,A13,2026-03-09 19:35:16,warm
U0277,93,0.2,click,A13,2026-03-09 19:37:44,warm
U0143,97,0.2,click,A13,2026-03-09 20:03:58,warm
U0143,73,0.2,click,A13,2026-03-09 20:08:04,warm
U0003,87,0.2,click,A12,2026-03-10 09:54:51,warm
U0003,21,0.2,click,A12,2026-03-10 09:56:18,warm
U0003,76,0.5,save,A12,2026-03-10 09:56:20,warm
U0003,30,0.2,click,A12,2026-03-10 09:57:20,warm
U0236,37,0.2,click,A06,2026-03-10 09:57:22,warm
U0155,106,0.2,click,A03,2026-03-10 13:10:19,warm
U0155,82,0.2,click,A03,2026-03-10 13:10:45,warm
U0263,55,0.2,click,A08,2026-03-10 14:16:13,warm
U0263,109,0.2,click,A08,2026-03-10 14:17:45,warm
U0165,38,0.2,click,A06,2026-03-10 14:26:00,warm
U0165,52,0.2,click,A06,2026-03-10 14:26:22,warm
U0117,72,0.5,save,A01,2026-03-10 14:27:26,warm
U0165,98,0.2,click,A06,2026-03-10 14:28:16,warm
U0165,72,0.2,click,A06,2026-03-10 14:29:09,warm
U0010,21,0.2,click,A12,2026-03-10 14:51:57,warm
U0010,86,0.2,click,A12,2026-03-10 14:52:40,warm
U0010,48,0.2,click,A12,2026-03-10 14:52:48,warm
U0010,33,0.2,click,A12,2026-03-10 14:54:08,warm
U0010,106,0.2,click,A12,2026-03-10 14:56:11,warm
U0189,106,0.2,click,A11,2026-03-10 15:29:21,warm
U0096,80,0.2,click,A01,2026-03-10 18:02:33,warm
U0096,98,0.2,click,A01,2026-03-10 18:05:24,warm
U0293,100,0.2,click,A01,2026-03-10 18:46:58,warm
U0005,71,0.2,click,A04,2026-03-10 18:48:14,warm
U0293,68,0.2,click,A01,2026-03-10 18:50:43,warm
U0086,30,0.2,click,A06,2026-03-10 19:09:43,warm
U0086,37,0.2,click,A06,2026-03-10 19:11:10,warm
U0116,50,0.2,click,A10,2026-03-10 19:43:29,warm
U0116,106,0.2,click,A10,2026-03-10 19:45:23,warm
U0063,31,0.2,click,A10,2026-03-10 19:48:39,warm
U0020,31,0.2,click,A12,2026-03-10 21:39:10,warm
U0284,43,0.2,click,A12,2026-03-10 21:39:45,warm
U0284,107,0.2,click,A12,2026-03-10 21:40:48,warm
U0119,24,0.5,save,A01,2026-03-10 22:04:46,warm
U0119,81,0.2,click,A01,2026-03-10 22:05:29,warm
U0119,109,0.2,click,A01,2026-03-10 22:07:02,warm
U0154,75,0.5,save,A07,2026-03-11 09:08:41,warm
U0154,72,0.2,click,A07,2026-03-11 09:09:55,warm
U0154,88,0.2,click,A07,2026-03-11 09:09:58,warm
U0154,67,0.2,click,A07,2026-03-11 09:11:53,warm
U0154,69,0.2,click,A07,2026-03-11 09:12:05,warm
U0154,74,0.2,click,A07,2026-03-11 09:12:19,warm
U0131,104,0.2,click,A05,2026-03-11 09:32:38,warm
U0131,21,0.2,click,A05,2026-03-11 09:34:09,warm
U0228,38,0.5,save,A11,2026-03-11 10:23:54,warm
U0017,61,0.2,click,A13,2026-03-11 12:34:09,warm
U0017,69,0.5,save,A13,2026-03-11 12:34:20,warm
U0017,60,0.2,click,A13,2026-03-11 12:34:56,warm
U0017,24,0.2,click,A13,2026-03-11 12:36:04,warm
U0182,85,0.2,click,A07,2026-03-11 13:05:27,warm
U0182,59,0.2,click,A07,2026-03-11 13:06:45,warm
U0182,62,0.2,click,A07,2026-03-11 13:08:15,warm
U0121,41,0.2,click,A11,2026-03-11 13:52:41,warm
U0291,52,0.2,click,A06,2026-03-11 15:00:54,warm
U0291,36,0.2,click,A06,2026-03-11 15:01:25,warm
U0291,69,0.2,click,A06,2026-03-11 15:02:29,warm
U0035,72,0.2,click,A13,2026-03-11 15:07:18,warm
U0290,66,0.2,click,A09,2026-03-11 16:09:10,warm
U0290,71,0.2,click,A09,2026-03-11 16:11:40,warm
U0018,101,0.2,click,A03,2026-03-11 16:50:09,warm
U0107,92,0.2,click,A09,2026-03-11 17:34:22,warm
U0077,70,0.2,click,A09,2026-03-11 18:59:02,warm
U0212,73,0.5,save,A13,2026-03-11 19:43:21,warm
U0212,60,0.5,save,A13,2026-03-11 19:44:09,warm
U0212,108,0.2,click,A13,2026-03-11 19:45:05,warm
U0212,61,0.2,click,A13,2026-03-11 19:46:19,warm
U0008,72,0.2,click,A07,2026-03-11 20:44:02,warm
U0069,59,0.2,click,A13,2026-03-11 22:09:48,warm
U0149,100,0.2,click,A13,2026-03-11 22:33:39,warm
U0073,22,0.2,click,A12,2026-03-11 22:37:04,warm
U0073,91,0.2,click,A12,2026-03-11 22:37:50,warm
U0171,104,0.2,click,A03,2026-03-12 10:08:36,warm
U0095,83,0.2,click,A09,2026-03-12 11:12:33,warm
U0095,103,0.2,click,A09,2026-03-12 11:12:51,warm
U0298,75,0.2,click,A13,2026-03-12 11:15:57,warm
U0298,80,0.2,click,A13,2026-03-12 11:18:31,warm
U0061,52,0.2,click,A10,2026-03-12 12:10:26,warm
U0042,79,0.2,click,A04,2026-03-12 13:07:47,warm
U0042,58,0.2,click,A04,2026-03-12 13:09:28,warm
U0190,72,0.2,click,A01,2026-03-12 13:09:40,warm
U0042,98,0.2,click,A04,2026-03-12 13:10:15,warm
U0190,26,0.2,click,A01,2026-03-12 13:11:41,warm
U0119,84,0.2,click,A01,2026-03-12 14:06:01,warm
U0132,101,0.2,click,A11,2026-03-12 14:36:56,warm
U0127,52,0.2,click,A10,2026-03-12 14:52:44,warm
U0127,99,0.2,click,A10,2026-03-12 14:54:17,warm
U0192,102,0.2,click,A10,2026-03-12 15:01:11,warm
U0192,52,0.2,click,A10,2026-03-12 15:04:43,warm
U0291,31,0.5,save,A06,2026-03-12 15:36:29,warm
U0115,100,0.2,click,A08,2026-03-12 17:27:13,warm
U0115,95,0.2,click,A08,2026-03-12 17:27:37,warm
U0262,52,0.2,click,A06,2026-03-12 17:29:46,warm
U0115,54,0.5,save,A08,2026-03-12 17:29:55,warm
U0192,86,0.2,click,A10,2026-03-12 17:50:24,warm
U0192,41,0.2,click,A10,2026-03-12 17:53:29,warm
U0192,46,0.2,click,A10,2026-03-12 17:54:48,warm
U0063,76,0.2,click,A10,2026-03-12 18:35:01,warm
U0063,104,0.2,click,A10,2026-03-12 18:36:23,warm
U0063,48,0.2,click,A10,2026-03-12 18:36:40,warm
U0063,21,0.2,click,A10,2026-03-12 18:36:56,warm
U0063,92,0.2,click,A10,2026-03-12 18:37:13,warm
U0091,56,0.2,click,A08,2026-03-12 18:52:01,warm
U0016,77,0.2,click,A06,2026-03-12 20:49:09,warm
U0288,47,0.2,click,A03,2026-03-12 20:56:48,warm
U0288,91,0.2,click,A03,2026-03-12 20:57:03,warm
U0288,76,0.2,click,A03,2026-03-12 20:58:19,warm
U0113,48,0.2,click,A10,2026-03-12 21:35:57,warm
U0113,91,0.2,click,A10,2026-03-12 21:36:43,warm
U0034,76,0.2,click,A11,2026-03-12 22:38:36,warm
U0199,78,0.2,click,A03,2026-03-12 22:40:38,warm
U0238,109,0.2,click,A13,2026-03-13 09:05:24,warm
U0238,61,0.2,click,A13,2026-03-13 09:05:33,warm
U0064,83,0.2,click,A08,2026-03-13 11:10:05,warm
U0118,23,0.2,click,A12,2026-03-13 11:11:27,warm
U0118,104,0.2,click,A12,2026-03-13 11:13:43,warm
U0118,45,0.2,click,A12,2026-03-13 11:13:50,warm
U0103,57,0.2,click,A01,2026-03-13 11:51:14,warm
U0103,46,0.2,click,A01,2026-03-13 11:51:51,warm
U0268,83,0.2,click,A08,2026-03-13 11:53:24,warm
U0120,32,0.2,click,A06,2026-03-13 12:54:14,warm
U0120,36,0.2,click,A06,2026-03-13 12:55:25,warm
U0276,58,0.2,click,A04,2026-03-13 14:46:01,warm
U0276,100,0.2,click,A04,2026-03-13 14:46:55,warm
U0220,106,0.2,click,A05,2026-03-13 19:04:22,warm
U0220,48,0.2,click,A05,2026-03-13 19:07:53,warm
U0020,82,0.2,click,A12,2026-03-13 22:57:02,warm
U0020,44,0.2,click,A12,2026-03-13 22:57:04,warm
U0020,71,0.2,click,A12,2026-03-13 22:57:44,warm
U0020,91,0.5,save,A12,2026-03-13 22:58:09,warm
U0225,31,0.2,click,A06,2026-03-14 09:42:59,warm
U0172,98,0.2,click,A13,2026-03-14 13:22:16,warm
U0064,90,0.2,click,A08,2026-03-14 14:38:36,warm
U0050,71,0.2,click,A07,2026-03-14 16:10:34,warm
U0050,59,0.2,click,A07,2026-03-14 16:11:06,warm
U0050,88,0.2,click,A07,2026-03-14 16:14:44,warm
U0176,36,0.2,click,A06,2026-03-14 16:53:45,warm
U0176,33,0.2,click,A06,2026-03-14 16:56:54,warm
U0250,31,0.2,click,A12,2026-03-14 17:46:51,warm
U0250,82,0.2,click,A12,2026-03-14 17:47:03,warm
U0250,106,0.5,save,A12,2026-03-14 17:47:05,warm
U0128,85,0.2,click,A01,2026-03-14 18:06:52,warm
U0238,69,0.2,click,A13,2026-03-14 18:21:36,warm
U0045,51,0.2,click,A10,2026-03-14 20:44:42,warm
U0073,32,0.5,save,A12,2026-03-14 21:35:34,warm
U0073,76,0.2,click,A12,2026-03-14 21:39:58,warm
U0010,87,0.2,click,A12,2026-03-14 21:57:30,warm
U0083,27,0.2,click,A02,2026-03-15 12:37:26,warm
U0083,77,0.2,click,A02,2026-03-15 12:37:33,warm
U0083,42,0.2,click,A02,2026-03-15 12:37:41,warm
U0244,43,0.2,click,A11,2026-03-15 12:52:41,warm
U0244,74,0.2,click,A11,2026-03-15 12:53:58,warm
U0244,44,0.2,click,A11,2026-03-15 12:56:10,warm
U0110,74,0.2,click,A07,2026-03-15 13:31:38,warm
U0296,83,0.5,save,A09,2026-03-15 13:31:42,warm
U0239,57,0.2,click,A09,2026-03-15 13:57:42,warm
U0239,79,0.2,click,A09,2026-03-15 13:58:07,warm
U0153,48,0.2,click,A10,2026-03-15 17:29:24,warm
U0174,30,0.2,click,A10,2026-03-15 19:01:16,warm
U0161,99,0.2,click,A13,2026-03-15 19:59:17,warm
U0114,31,0.2,click,A12,2026-03-15 20:02:07,warm
U0204,79,0.2,click,A09,2026-03-15 21:04:21,warm
U0204,100,0.2,click,A09,2026-03-15 21:04:34,warm
U0204,92,0.5,save,A09,2026-03-15 21:05:00,warm
U0122,64,0.2,click,A05,2026-03-16 09:52:46,warm
U0122,49,0.2,click,A05,2026-03-16 09:55:37,warm
U0122,22,0.2,click,A05,2026-03-16 09:56:35,warm
U0122,87,0.2,click,A05,2026-03-16 09:57:07,warm
U0213,105,0.5,save,A04,2026-03-16 10:21:25,warm
U0173,33,0.2,click,A11,2026-03-16 10:25:35,warm
U0111,105,0.2,click,A08,2026-03-16 11:27:28,warm
U0111,90,0.2,click,A08,2026-03-16 11:28:26,warm
U0111,56,0.2,click,A08,2026-03-16 11:30:40,warm
U0239,71,0.2,click,A09,2026-03-16 11:47:55,warm
U0218,67,0.2,click,A01,2026-03-16 13:47:48,warm
U0096,85,0.2,click,A01,2026-03-16 15:23:23,warm
U0129,37,0.2,click,A10,2026-03-16 16:19:04,warm
U0129,107,0.2,click,A10,2026-03-16 16:20:05,warm
U0129,82,0.2,click,A10,2026-03-16 16:20:58,warm
U0183,73,0.2,click,A07,2026-03-16 16:23:46,warm
U0183,40,0.2,click,A07,2026-03-16 16:24:05,warm
U0036,27,0.2,click,A06,2026-03-16 18:40:50,warm
U0001,30,0.2,click,A06,2026-03-16 19:45:40,warm
U0001,24,0.2,click,A06,2026-03-16 19:46:38,warm
U0137,44,0.2,click,A05,2026-03-16 20:17:50,warm
U0262,33,0.2,click,A06,2026-03-16 20:32:00,warm
U0262,32,0.2,click,A06,2026-03-16 20:33:50,warm
U0138,44,0.2,click,A02,2026-03-16 20:46:57,warm
U0043,83,0.2,click,A09,2026-03-16 22:58:47,warm
U0043,79,0.2,click,A09,2026-03-16 22:59:06,warm
U0242,46,0.2,click,A01,2026-03-16 22:59:31,warm
U0242,67,0.2,click,A01,2026-03-16 23:00:08,warm
U0043,58,0.2,click,A09,2026-03-16 23:02:05,warm
U0191,92,0.2,click,A09,2026-03-17 10:16:11,warm
U0175,92,0.2,click,A01,2026-03-17 10:33:24,warm
U0175,98,0.2,click,A01,2026-03-17 10:36:38,warm
U0065,101,0.2,click,A10,2026-03-17 10:54:24,warm
U0237,64,0.2,click,A07,2026-03-17 11:06:16,warm
U0237,75,0.2,click,A07,2026-03-17 11:08:56,warm
U0137,91,0.2,click,A05,2026-03-17 11:23:57,warm
U0137,89,0.5,save,A05,2026-03-17 11:26:32,warm
U0070,103,0.5,save,A04,2026-03-17 13:14:17,warm
U0032,100,0.2,click,A09,2026-03-17 15:33:35,warm
U0061,30,0.2,click,A10,2026-03-17 17:44:22,warm
U0061,104,0.2,click,A10,2026-03-17 17:45:32,warm
U0106,100,0.2,click,A08,2026-03-17 17:50:45,warm
U0106,53,0.2,click,A08,2026-03-17 17:53:23,warm
U0106,95,0.5,save,A08,2026-03-17 17:54:23,warm
U0230,51,0.2,click,A03,2026-03-17 18:45:17,warm
U0230,34,0.5,save,A03,2026-03-17 18:48:03,warm
U0192,95,0.2,click,A10,2026-03-17 19:24:19,warm
U0271,102,0.2,click,A02,2026-03-17 19:27:01,warm
U0160,36,0.2,click,A03,2026-03-17 20:30:27,warm
U0160,107,0.2,click,A03,2026-03-17 20:30:42,warm
U0187,95,0.2,click,A10,2026-03-17 22:51:38,warm
U0187,45,0.2,click,A10,2026-03-17 22:52:20,warm
U0187,40,0.5,save,A10,2026-03-17 22:54:19,warm
U0187,30,0.2,click,A10,2026-03-17 22:55:50,warm
U0187,21,0.2,click,A10,2026-03-17 22:55:58,warm
U0041,92,0.2,click,A09,2026-03-18 10:45:42,warm
U0116,90,0.2,click,A10,2026-03-18 11:00:11,warm
U0116,31,0.5,save,A10,2026-03-18 11:00:22,warm
U0116,86,0.2,click,A10,2026-03-18 11:04:10,warm
U0215,71,0.2,click,A05,2026-03-18 11:12:58,warm
U0237,80,0.5,save,A07,2026-03-18 11:27:22,warm
U0237,67,0.2,click,A07,2026-03-18 11:29:44,warm
U0136,45,0.2,click,A11,2026-03-18 11:37:00,warm
U0136,43,0.2,click,A11,2026-03-18 11:40:25,warm
U0255,67,0.2,click,A04,2026-03-18 14:29:21,warm
U0085,42,0.2,click,A03,2026-03-18 14:53:03,warm
U0254,101,0.5,save,A05,2026-03-18 15:49:46,warm
U0254,40,0.2,click,A05,2026-03-18 15:49:47,warm
U0296,78,0.2,click,A09,2026-03-18 16:02:42,warm
U0096,42,0.2,click,A01,2026-03-18 16:09:45,warm
U0096,81,0.2,click,A01,2026-03-18 16:11:06,warm
U0240,73,0.2,click,A07,2026-03-18 16:37:25,warm
U0240,80,0.2,click,A07,2026-03-18 16:38:29,warm
U0240,67,0.2,click,A07,2026-03-18 16:40:51,warm
U0152,106,0.2,click,A10,2026-03-18 17:29:35,warm
U0152,23,0.2,click,A10,2026-03-18 17:30:33,warm
U0128,75,0.2,click,A01,2026-03-18 18:38:51,warm
U0104,59,0.2,click,A13,2026-03-18 19:27:01,warm
U0104,60,0.2,click,A13,2026-03-18 19:29:51,warm
U0104,62,0.2,click,A13,2026-03-18 19:30:16,warm
U0104,99,0.2,click,A13,2026-03-18 19:31:15,warm
U0088,103,0.2,click,A01,2026-03-18 20:20:19,warm
U0093,83,0.2,click,A08,2026-03-18 20:33:36,warm
U0093,95,0.2,click,A08,2026-03-18 20:36:56,warm
U0048,24,0.2,click,A01,2026-03-18 21:05:47,warm
U0048,60,0.2,click,A01,2026-03-18 21:08:33,warm
U0072,52,0.2,click,A11,2026-03-18 21:36:47,warm
U0072,48,0.2,click,A11,2026-03-18 21:40:57,warm
U0140,92,0.2,click,A09,2026-03-19 11:32:42,warm
U0140,48,0.2,click,A09,2026-03-19 11:32:48,warm
U0027,102,0.2,click,A12,2026-03-19 15:24:19,warm
U0027,94,0.2,click,A12,2026-03-19 15:28:11,warm
U0299,35,0.2,click,A06,2026-03-19 15:39:29,warm
U0299,98,0.2,click,A06,2026-03-19 15:41:20,warm
U0299,50,0.2,click,A06,2026-03-19 15:41:26,warm
U0037,105,0.2,click,A04,2026-03-19 17:01:03,warm
U0037,100,0.2,click,A04,2026-03-19 17:03:36,warm
U0037,71,0.2,click,A04,2026-03-19 17:03:38,warm
U0008,99,0.2,click,A07,2026-03-19 17:43:47,warm
U0099,39,0.2,click,A06,2026-03-19 17:56:53,warm
U0146,24,0.2,click,A01,2026-03-19 20:22:22,warm
U0146,58,0.2,click,A01,2026-03-19 20:26:02,warm
U0149,72,0.2,click,A13,2026-03-19 20:32:18,warm
U0046,43,0.2,click,A02,2026-03-19 20:34:49,warm
U0046,41,0.2,click,A02,2026-03-19 20:35:05,warm
U0046,30,0.2,click,A02,2026-03-19 20:36:21,warm
U0186,75,0.2,click,A13,2026-03-19 22:32:09,warm
U0141,94,0.2,click,A12,2026-03-20 10:22:10,warm
U0141,82,0.2,click,A12,2026-03-20 10:22:49,warm
U0253,51,0.2,click,A06,2026-03-20 10:23:43,warm
U0269,90,0.2,click,A04,2026-03-20 10:24:48,warm
U0141,107,0.2,click,A12,2026-03-20 10:26:04,warm
U0019,43,0.2,click,A05,2026-03-20 11:31:25,warm
U0249,25,0.2,click,A01,2026-03-20 11:32:13,warm
U0249,68,0.2,click,A01,2026-03-20 11:32:38,warm
U0246,86,0.5,save,A10,2026-03-20 12:33:33,warm
U0213,57,0.2,click,A04,2026-03-20 12:42:19,warm
U0086,25,0.5,save,A06,2026-03-20 13:01:58,warm
U0272,40,0.2,click,A05,2026-03-20 13:10:25,warm
U0038,21,0.2,click,A12,2026-03-20 14:21:11,warm
U0038,33,0.2,click,A12,2026-03-20 14:23:39,warm
U0237,59,0.2,click,A07,2026-03-20 14:33:57,warm
U0108,31,0.2,click,A06,2026-03-20 15:38:55,warm
U0108,27,0.2,click,A06,2026-03-20 15:39:21,warm
U0006,77,0.2,click,A11,2026-03-20 15:45:18,warm
U0006,52,0.2,click,A11,2026-03-20 15:48:27,warm
U0214,105,0.2,click,A08,2026-03-20 17:07:38,warm
U0214,90,0.2,click,A08,2026-03-20 17:08:11,warm
U0137,41,0.2,click,A05,2026-03-20 17:10:33,warm
U0270,69,0.2,click,A07,2026-03-20 17:52:20,warm
U0270,73,0.2,click,A07,2026-03-20 17:54:41,warm
U0270,59,0.2,click,A07,2026-03-20 17:56:32,warm
U0270,61,0.2,click,A07,2026-03-20 17:56:51,warm
U0000,71,0.2,click,A03,2026-03-20 18:38:55,warm
U0022,71,0.2,click,A04,2026-03-20 18:48:03,warm
U0019,47,0.2,click,A05,2026-03-20 19:33:52,warm
U0043,65,0.2,click,A09,2026-03-20 20:05:38,warm
U0151,48,0.5,save,A11,2026-03-20 20:24:09,warm
U0151,82,0.2,click,A11,2026-03-20 20:26:06,warm
U0077,63,0.2,click,A09,2026-03-20 20:44:58,warm
U0220,76,0.2,click,A05,2026-03-20 21:31:15,warm
U0220,102,0.2,click,A05,2026-03-20 21:32:45,warm
U0154,80,0.5,save,A07,2026-03-20 21:53:20,warm
U0110,73,0.5,save,A07,2026-03-20 22:07:21,warm
U0110,67,0.2,click,A07,2026-03-20 22:08:16,warm
U0110,62,0.2,click,A07,2026-03-20 22:09:23,warm
U0156,83,0.2,click,A04,2026-03-20 22:26:45,warm
U0040,74,0.2,click,A07,2026-03-21 09:28:31,warm
U0040,60,0.2,click,A07,2026-03-21 09:32:06,warm
U0243,96,0.5,save,A08,2026-03-21 09:39:03,warm
U0294,99,0.2,click,A07,2026-03-21 11:58:23,warm
U0177,100,0.2,click,A04,2026-03-21 12:49:04,warm
U0229,79,0.2,click,A04,2026-03-21 12:59:28,warm
U0207,58,0.2,click,A04,2026-03-21 13:56:22,warm
U0207,92,0.2,click,A04,2026-03-21 13:58:10,warm
U0176,37,0.2,click,A06,2026-03-21 15:58:20,warm
U0107,57,0.2,click,A09,2026-03-21 17:21:32,warm
U0107,105,0.2,click,A09,2026-03-21 17:22:52,warm
U0107,78,0.2,click,A09,2026-03-21 17:23:51,warm
U0296,103,0.2,click,A09,2026-03-21 17:32:33,warm
U0296,57,0.5,save,A09,2026-03-21 17:35:33,warm
U0296,66,0.2,click,A09,2026-03-21 17:36:46,warm
U0280,75,0.2,click,A07,2026-03-21 17:49:48,warm
U0280,84,0.2,click,A07,2026-03-21 17:50:17,warm
U0113,50,0.2,click,A10,2026-03-21 18:44:39,warm
U0113,39,0.2,click,A10,2026-03-21 18:49:29,warm
U0208,43,0.2,click,A02,2026-03-21 20:41:49,warm
U0033,68,0.2,click,A09,2026-03-21 21:17:45,warm
U0210,72,0.2,click,A07,2026-03-21 22:03:36,warm
U0035,75,0.5,save,A13,2026-03-21 22:05:08,warm
U0035,67,0.5,save,A13,2026-03-21 22:05:58,warm
U0205,77,0.2,click,A02,2026-03-21 22:07:28,warm
U0210,75,0.2,click,A07,2026-03-21 22:07:42,warm
U0205,37,0.2,click,A02,2026-03-21 22:08:34,warm
U0009,82,0.2,click,A05,2026-03-21 22:24:49,warm
U0221,62,0.5,save,A07,2026-03-22 09:30:38,warm
U0135,35,0.2,click,A03,2026-03-22 10:15:33,warm
U0233,79,0.2,click,A04,2026-03-22 13:10:14,warm
U0004,67,0.5,save,A07,2026-03-22 14:20:01,warm
U0268,95,0.2,click,A08,2026-03-22 18:09:04,warm
U0173,24,0.5,save,A11,2026-03-22 18:42:16,warm
U0173,45,0.2,click,A11,2026-03-22 18:45:49,warm
U0041,58,0.2,click,A09,2026-03-22 21:29:05,warm
U0041,75,0.2,click,A09,2026-03-22 21:29:49,warm
U0260,51,0.2,click,A02,2026-03-22 21:37:36,warm
U0260,33,0.2,click,A02,2026-03-22 21:37:57,warm
U0221,63,0.2,click,A07,2026-03-22 21:46:41,warm
U0193,97,0.2,click,A11,2026-03-22 22:00:16,warm
U0169,106,0.2,click,A05,2026-03-22 22:29:04,warm
U0233,76,0.2,click,A04,2026-03-22 22:55:54,warm
U0233,58,0.5,save,A04,2026-03-22 22:57:47,warm
U0147,60,0.2,click,A01,2026-03-22 23:01:30,warm
U0043,66,0.2,click,A09,2026-03-23 11:08:00,warm
U0174,45,0.2,click,A10,2026-03-23 11:55:19,warm
U0105,71,0.2,click,A04,2026-03-23 14:30:00,warm
U0200,58,0.2,click,A04,2026-03-23 15:36:29,warm
U0055,104,0.2,click,A10,2026-03-23 16:11:18,warm
U0202,87,0.2,click,A12,2026-03-23 16:47:59,warm
U0202,30,0.2,click,A12,2026-03-23 16:48:18,warm
U0045,33,0.2,click,A10,2026-03-23 17:42:51,warm
U0045,107,0.2,click,A10,2026-03-23 17:43:38,warm
U0045,50,0.2,click,A10,2026-03-23 17:45:46,warm
U0113,37,0.2,click,A10,2026-03-23 18:38:46,warm
U0016,46,0.2,click,A06,2026-03-23 18:48:21,warm
U0016,51,0.2,click,A06,2026-03-23 18:48:26,warm
U0016,27,0.2,click,A06,2026-03-23 18:51:05,warm
U0016,52,0.2,click,A06,2026-03-23 18:51:08,warm
U0224,75,0.2,click,A13,2026-03-23 20:34:54,warm
U0224,99,0.2,click,A13,2026-03-23 20:35:54,warm
U0224,69,0.2,click,A13,2026-03-23 20:36:57,warm
U0041,100,0.2,click,A09,2026-03-23 20:50:18,warm
U0079,72,0.5,save,A01,2026-03-23 21:12:29,warm
U0079,46,0.2,click,A01,2026-03-23 21:13:18,warm
U0079,79,0.5,save,A01,2026-03-23 21:17:24,warm
U0206,21,0.2,click,A02,2026-03-23 21:26:37,warm
U0206,87,0.2,click,A02,2026-03-23 21:26:41,warm
U0206,45,0.2,click,A02,2026-03-23 21:26:41,warm
U0206,102,0.2,click,A02,2026-03-23 21:27:17,warm
U0206,97,0.2,click,A02,2026-03-23 21:28:08,warm
U0269,65,0.2,click,A04,2026-03-23 22:32:01,warm
U0068,60,0.2,click,A01,2026-03-24 11:54:37,warm
U0068,79,0.2,click,A01,2026-03-24 11:55:32,warm
U0070,78,0.2,click,A04,2026-03-24 12:07:39,warm
U0268,109,0.2,click,A08,2026-03-24 12:37:59,warm
U0268,100,0.2,click,A08,2026-03-24 12:38:28,warm
U0038,102,0.2,click,A12,2026-03-24 13:04:23,warm
U0109,75,0.2,click,A09,2026-03-24 15:14:57,warm
U0160,51,0.5,save,A03,2026-03-24 16:32:54,warm
U0181,52,0.2,click,A06,2026-03-24 17:47:20,warm
U0181,97,0.5,save,A06,2026-03-24 17:47:59,warm
U0181,108,0.2,click,A06,2026-03-24 17:49:50,warm
U0181,35,0.2,click,A06,2026-03-24 17:50:15,warm
U0223,92,0.2,click,A04,2026-03-24 18:07:18,warm
U0074,67,0.2,click,A07,2026-03-24 19:18:48,warm
U0074,69,0.5,save,A07,2026-03-24 19:19:07,warm
U0074,73,0.2,click,A07,2026-03-24 19:21:46,warm
U0138,30,0.2,click,A02,2026-03-24 21:05:45,warm
U0257,25,0.2,click,A02,2026-03-25 09:22:06,warm
U0257,49,0.2,click,A02,2026-03-25 09:22:29,warm
U0257,32,0.2,click,A02,2026-03-25 09:23:08,warm
U0006,22,0.5,save,A11,2026-03-25 09:38:03,warm
U0006,91,0.2,click,A11,2026-03-25 09:40:39,warm
U0094,73,0.2,click,A13,2026-03-25 10:14:31,warm
U0094,72,0.5,save,A13,2026-03-25 10:15:10,warm
U0094,61,0.2,click,A13,2026-03-25 10:16:21,warm
U0094,59,0.5,save,A13,2026-03-25 10:17:13,warm
U0187,73,0.2,click,A10,2026-03-25 11:06:18,warm
U0187,86,0.5,save,A10,2026-03-25 11:07:12,warm
U0187,37,0.2,click,A10,2026-03-25 11:08:10,warm
U0187,53,0.2,click,A10,2026-03-25 11:08:49,warm
U0222,107,0.2,click,A05,2026-03-25 11:55:11,warm
U0269,57,0.2,click,A04,2026-03-25 14:05:56,warm
U0143,93,0.2,click,A13,2026-03-25 14:10:20,warm
U0283,81,0.2,click,A01,2026-03-25 15:47:07,warm
U0283,97,0.2,click,A01,2026-03-25 15:47:28,warm
U0283,46,0.2,click,A01,2026-03-25 15:48:15,warm
U0232,69,0.2,click,A13,2026-03-25 16:24:03,warm
U0127,82,0.2,click,A10,2026-03-25 16:28:26,warm
U0233,103,0.2,click,A04,2026-03-25 18:11:56,warm
U0121,107,0.2,click,A11,2026-03-25 19:01:45,warm
U0121,30,0.2,click,A11,2026-03-25 19:01:55,warm
U0094,108,0.2,click,A13,2026-03-25 21:20:14,warm
U0227,68,0.2,click,A01,2026-03-25 21:20:20,warm
U0222,101,0.2,click,A05,2026-03-25 21:26:16,warm
U0110,61,0.2,click,A07,2026-03-25 21:30:53,warm
U0070,79,0.2,click,A04,2026-03-25 22:55:34,warm
U0049,65,0.2,click,A04,2026-03-26 10:43:56,warm
U0049,68,0.2,click,A04,2026-03-26 10:46:02,warm
U0049,36,0.2,click,A04,2026-03-26 10:46:18,warm
U0049,92,0.5,save,A04,2026-03-26 10:46:34,warm
U0185,85,0.2,click,A01,2026-03-26 11:12:59,warm
U0185,95,0.2,click,A01,2026-03-26 11:13:22,warm
U0185,98,0.5,save,A01,2026-03-26 11:13:24,warm
U0185,70,0.2,click,A01,2026-03-26 11:14:10,warm
U0185,97,0.2,click,A01,2026-03-26 11:14:23,warm
U0123,83,0.2,click,A08,2026-03-26 11:20:09,warm
U0123,105,0.2,click,A08,2026-03-26 11:22:37,warm
U0031,83,0.2,click,A07,2026-03-26 12:14:49,warm
U0031,108,0.5,save,A07,2026-03-26 12:16:15,warm
U0181,77,0.2,click,A06,2026-03-26 14:35:58,warm
U0237,42,0.2,click,A07,2026-03-26 14:42:57,warm
U0237,93,0.2,click,A07,2026-03-26 14:43:22,warm
U0252,79,0.2,click,A12,2026-03-26 14:57:43,warm
U0252,56,0.2,click,A12,2026-03-26 14:59:50,warm
U0126,55,0.2,click,A08,2026-03-26 20:02:59,warm
U0170,57,0.2,click,A01,2026-03-26 21:36:49,warm
U0170,108,0.2,click,A01,2026-03-26 21:40:08,warm
U0170,70,0.5,save,A01,2026-03-26 21:40:42,warm
U0051,45,0.2,click,A10,2026-03-26 21:43:55,warm
U0144,99,0.2,click,A07,2026-03-26 22:42:58,warm
U0280,108,0.2,click,A07,2026-03-27 09:11:54,warm
U0280,69,0.2,click,A07,2026-03-27 09:12:34,warm
U0071,30,0.2,click,A02,2026-03-27 10:32:11,warm
U0071,37,0.2,click,A02,2026-03-27 10:32:59,warm
U0004,80,0.2,click,A07,2026-03-27 11:48:16,warm
U0089,45,0.2,click,A02,2026-03-27 12:00:54,warm
U0121,21,0.2,click,A11,2026-03-27 13:10:48,warm
U0088,80,0.2,click,A01,2026-03-27 13:23:12,warm
U0185,103,0.2,click,A01,2026-03-27 14:35:03,warm
U0129,47,0.5,save,A10,2026-03-27 14:45:27,warm
U0129,39,0.2,click,A10,2026-03-27 14:47:16,warm
U0151,41,0.2,click,A11,2026-03-27 14:47:58,warm
U0129,95,0.2,click,A10,2026-03-27 14:48:53,warm
U0129,86,0.2,click,A10,2026-03-27 14:49:33,warm
U0018,106,0.2,click,A03,2026-03-27 14:51:34,warm
U0018,82,0.2,click,A03,2026-03-27 14:52:55,warm
U0018,33,0.2,click,A03,2026-03-27 14:55:10,warm
U0240,61,0.2,click,A07,2026-03-27 15:52:51,warm
U0194,91,0.2,click,A12,2026-03-27 16:45:25,warm
U0091,83,0.2,click,A08,2026-03-27 17:00:54,warm
U0065,48,0.2,click,A10,2026-03-27 18:16:40,warm
U0065,94,0.2,click,A10,2026-03-27 18:18:07,warm
U0185,80,0.5,save,A01,2026-03-27 22:54:25,warm
U0152,87,0.5,save,A10,2026-03-28 10:40:15,warm
U0152,31,0.2,click,A10,2026-03-28 10:40:39,warm
U0152,107,0.2,click,A10,2026-03-28 10:42:59,warm
U0159,85,0.2,click,A13,2026-03-28 12:29:14,warm
U0159,60,0.5,save,A13,2026-03-28 12:30:09,warm
U0159,86,0.2,click,A13,2026-03-28 12:30:52,warm
U0117,70,0.2,click,A01,2026-03-28 12:46:48,warm
U0226,45,0.2,click,A10,2026-03-28 14:54:50,warm
U0226,101,0.2,click,A10,2026-03-28 14:55:17,warm
U0295,50,0.2,click,A11,2026-03-28 15:13:44,warm
U0111,55,0.2,click,A08,2026-03-28 15:20:12,warm
U0119,103,0.2,click,A01,2026-03-28 15:27:19,warm
U0068,25,0.2,click,A01,2026-03-28 16:12:37,warm
U0107,56,0.2,click,A09,2026-03-28 18:36:52,warm
U0085,47,0.2,click,A03,2026-03-28 18:47:01,warm
U0085,37,0.2,click,A03,2026-03-28 18:48:12,warm
U0017,80,0.2,click,A13,2026-03-28 18:50:58,warm
U0147,70,0.2,click,A01,2026-03-28 20:53:45,warm
U0147,59,0.2,click,A01,2026-03-28 20:54:17,warm
U0069,61,0.2,click,A13,2026-03-28 21:49:01,warm
U0069,67,0.2,click,A13,2026-03-28 21:51:07,warm
U0099,84,0.5,save,A06,2026-03-28 21:57:19,warm
U0099,38,0.2,click,A06,2026-03-28 21:58:35,warm
U0159,73,0.2,click,A13,2026-03-29 10:40:50,warm
U0062,95,0.2,click,A08,2026-03-29 10:46:37,warm
U0030,49,0.5,save,A11,2026-03-29 12:20:47,warm
U0030,32,0.2,click,A11,2026-03-29 12:23:43,warm
U0294,71,0.2,click,A07,2026-03-29 13:45:24,warm
U0229,58,0.2,click,A04,2026-03-29 14:15:15,warm
U0258,36,0.5,save,A12,2026-03-29 15:18:18,warm
U0258,87,0.2,click,A12,2026-03-29 15:18:37,warm
U0258,76,0.2,click,A12,2026-03-29 15:21:26,warm
U0177,90,0.2,click,A04,2026-03-29 16:37:29,warm
U0177,92,0.2,click,A04,2026-03-29 16:37:47,warm
U0177,70,0.2,click,A04,2026-03-29 16:38:34,warm
U0116,92,0.2,click,A10,2026-03-29 17:02:25,warm
U0289,58,0.2,click,A04,2026-03-29 17:28:33,warm
U0075,75,0.2,click,A10,2026-03-29 18:17:15,warm
U0075,39,0.2,click,A10,2026-03-29 18:18:57,warm
U0256,54,0.2,click,A08,2026-03-29 19:38:12,warm
U0027,48,0.2,click,A12,2026-03-29 20:57:43,warm
U0221,61,0.2,click,A07,2026-03-29 21:13:39,warm
U0221,74,0.2,click,A07,2026-03-29 21:16:13,warm
U0155,44,0.2,click,A03,2026-03-29 21:22:39,warm
U0155,37,0.2,click,A03,2026-03-29 21:24:55,warm
U0282,76,0.2,click,A11,2026-03-29 21:39:48,warm
U0282,25,0.2,click,A11,2026-03-29 21:40:01,warm
U0282,27,0.2,click,A11,2026-03-29 21:43:59,warm
U0054,22,0.2,click,A10,2026-03-30 10:09:25,warm
U0054,39,0.2,click,A10,2026-03-30 10:10:59,warm
U0091,53,0.2,click,A08,2026-03-30 10:51:25,warm
U0142,43,0.2,click,A02,2026-03-30 13:29:49,warm
U0124,78,0.2,click,A09,2026-03-30 14:51:22,warm
U0081,92,0.2,click,A09,2026-03-30 16:28:22,warm
U0081,57,0.2,click,A09,2026-03-30 16:29:12,warm
U0118,52,0.2,click,A12,2026-03-30 17:20:36,warm
U0118,94,0.2,click,A12,2026-03-30 17:23:37,warm
U0277,99,0.2,click,A13,2026-03-30 17:51:19,warm
U0144,73,0.2,click,A07,2026-03-30 19:07:23,warm
U0025,70,0.2,click,A04,2026-03-30 19:28:39,warm
U0243,53,0.2,click,A08,2026-03-30 19:29:15,warm
U0224,60,0.2,click,A13,2026-03-30 19:30:22,warm
U0224,108,0.5,save,A13,2026-03-30 19:31:35,warm
U0025,103,0.2,click,A04,2026-03-30 19:33:06,warm
U0260,49,0.2,click,A02,2026-03-30 22:35:05,warm
U0019,42,0.2,click,A05,2026-03-31 09:08:50,warm
U0019,89,0.2,click,A05,2026-03-31 09:10:13,warm
U0053,99,0.2,click,A13,2026-03-31 10:23:23,warm
U0053,75,0.2,click,A13,2026-03-31 10:26:22,warm
U0176,97,0.2,click,A06,2026-03-31 10:42:08,warm
U0040,73,0.2,click,A07,2026-03-31 11:06:41,warm
U0100,30,0.2,click,A06,2026-03-31 12:21:23,warm
U0100,25,0.2,click,A06,2026-03-31 12:23:04,warm
U0100,27,0.2,click,A06,2026-03-31 12:23:26,warm
U0003,36,0.5,save,A12,2026-03-31 14:44:54,warm
U0286,95,0.2,click,A08,2026-03-31 14:50:46,warm
U0032,83,0.2,click,A09,2026-03-31 15:23:54,warm
U0032,61,0.2,click,A09,2026-03-31 15:26:34,warm
U0001,84,0.2,click,A06,2026-03-31 15:58:37,warm
U0052,59,0.2,click,A01,2026-03-31 16:47:18,warm
U0011,91,0.2,click,A10,2026-03-31 16:53:05,warm
U0011,34,0.2,click,A10,2026-03-31 16:54:49,warm
U0031,80,0.2,click,A07,2026-03-31 17:45:19,warm
U0031,74,0.5,save,A07,2026-03-31 17:47:28,warm
U0226,43,0.2,click,A10,2026-03-31 19:10:16,warm
U0028,83,0.2,click,A09,2026-03-31 19:10:33,warm
U0028,34,0.2,click,A09,2026-03-31 19:11:43,warm
U0248,72,0.2,click,A07,2026-03-31 19:19:59,warm
U0099,98,0.2,click,A06,2026-03-31 19:30:04,warm
U0099,34,0.2,click,A06,2026-03-31 19:30:31,warm
U0099,26,0.2,click,A06,2026-03-31 19:32:44,warm
U0292,99,0.2,click,A07,2026-03-31 21:06:38,warm
U0292,61,0.2,click,A07,2026-03-31 21:07:25,warm
U0286,54,0.2,click,A08,2026-03-31 21:10:28,warm
U0286,53,0.5,save,A08,2026-03-31 21:12:19,warm
U0286,96,0.5,save,A08,2026-03-31 21:13:56,warm
U0063,41,0.2,click,A10,2026-03-31 21:27:58,warm
U0252,102,0.2,click,A12,2026-03-31 22:54:03,warm
U0252,43,0.2,click,A12,2026-03-31 22:55:35,warm
U0153,32,0.5,save,A10,2026-03-31 22:56:47,warm
U0153,52,0.2,click,A10,2026-03-31 22:58:55,warm
U0264,30,0.2,click,A02,2026-04-01 09:16:22,warm
U0264,76,0.2,click,A02,2026-04-01 09:17:07,warm
U0264,42,0.2,click,A02,2026-04-01 09:17:39,warm
U0245,22,0.2,click,A08,2026-04-01 09:18:01,warm
U0142,90,0.2,click,A02,2026-04-01 09:51:30,warm
U0142,23,0.2,click,A02,2026-04-01 09:55:37,warm
U0142,77,0.2,click,A02,2026-04-01 09:55:58,warm
U0262,24,0.2,click,A06,2026-04-01 11:04:22,warm
U0023,64,0.2,click,A05,2026-04-01 11:51:38,warm
U0065,49,0.2,click,A10,2026-04-01 12:29:01,warm
U0226,97,0.2,click,A10,2026-04-01 12:31:02,warm
U0226,34,0.5,save,A10,2026-04-01 12:31:14,warm
U0226,94,0.2,click,A10,2026-04-01 12:32:01,warm
U0068,58,0.2,click,A01,2026-04-01 12:51:58,warm
U0068,57,0.2,click,A01,2026-04-01 12:53:41,warm
U0229,78,0.2,click,A04,2026-04-01 13:41:35,warm
U0225,35,0.2,click,A06,2026-04-01 15:01:00,warm
U0225,39,0.2,click,A06,2026-04-01 15:01:05,warm
U0004,60,0.2,click,A07,2026-04-01 16:06:19,warm
U0052,85,0.2,click,A01,2026-04-01 16:40:32,warm
U0052,84,0.2,click,A01,2026-04-01 16:40:46,warm
U0052,46,0.2,click,A01,2026-04-01 16:41:38,warm
U0052,81,0.2,click,A01,2026-04-01 16:42:17,warm
U0174,86,0.2,click,A10,2026-04-01 17:35:23,warm
U0174,47,0.2,click,A10,2026-04-01 17:36:41,warm
U0174,50,0.2,click,A10,2026-04-01 17:37:00,warm
U0174,87,0.2,click,A10,2026-04-01 17:39:06,warm
U0181,34,0.2,click,A06,2026-04-01 17:59:24,warm
U0181,26,0.2,click,A06,2026-04-01 17:59:42,warm
U0181,39,0.2,click,A06,2026-04-01 18:02:01,warm
U0032,79,0.5,save,A09,2026-04-01 19:07:14,warm
U0032,78,0.2,click,A09,2026-04-01 19:08:57,warm
U0032,58,0.5,save,A09,2026-04-01 19:09:18,warm
U0151,26,0.2,click,A11,2026-04-01 19:19:32,warm
U0151,39,0.2,click,A11,2026-04-01 19:20:03,warm
U0237,85,0.2,click,A07,2026-04-01 21:04:45,warm
U0025,58,0.2,click,A04,2026-04-01 21:27:32,warm
U0025,83,0.2,click,A04,2026-04-01 21:28:24,warm
U0164,54,0.2,click,A08,2026-04-02 10:01:38,warm
U0164,90,0.2,click,A08,2026-04-02 10:04:00,warm
U0226,102,0.2,click,A10,2026-04-02 11:52:22,warm
U0226,30,0.2,click,A10,2026-04-02 11:57:16,warm
U0183,61,0.2,click,A07,2026-04-02 12:19:06,warm
U0183,62,0.2,click,A07,2026-04-02 12:22:46,warm
U0226,47,1.0,order,A10,2026-04-02 12:26:01,warm
U0172,94,0.2,click,A13,2026-04-02 13:15:26,warm
U0172,93,0.2,click,A13,2026-04-02 13:17:01,warm
U0172,67,0.2,click,A13,2026-04-02 13:17:18,warm
U0101,90,0.2,click,A08,2026-04-02 13:43:06,warm
U0002,50,0.2,click,A12,2026-04-02 14:27:23,warm
U0002,33,0.2,click,A12,2026-04-02 14:29:48,warm
U0002,37,0.2,click,A12,2026-04-02 14:30:56,warm
U0264,82,0.2,click,A02,2026-04-02 15:03:51,warm
U0264,66,0.2,click,A02,2026-04-02 15:05:25,warm
U0264,86,0.2,click,A02,2026-04-02 15:05:26,warm
U0074,99,0.2,click,A07,2026-04-02 15:21:15,warm
U0040,63,0.2,click,A07,2026-04-02 16:26:09,warm
U0040,88,0.2,click,A07,2026-04-02 16:27:02,warm
U0040,59,0.2,click,A07,2026-04-02 16:27:16,warm
U0040,75,0.2,click,A07,2026-04-02 16:29:24,warm
